respondent_id,question_number,theme_keys
3,18,attribution_uncertainty|comparability_loss|complexity_burden|gaming_greenwashing_risk|inventory_vs_impact_boundary|verification_difficulty
3,20,attribution_uncertainty|comparability_loss|complexity_burden|data_availability|formula_oversimplified|gaming_greenwashing_risk|inventory_vs_impact_boundary|verification_difficulty
3,23,double_counting_risk|inventory_vs_impact_boundary|secondary_effects_unquantifiable
3,25,annual_truing_up|baseline_counterfactual_problem|verification_difficulty
3,27,additionality_gatekeeping|gaming_greenwashing_risk
3,29,additionality_gatekeeping|align_with_existing_tools
3,30,additionality_test_design|baseline_counterfactual_problem|gaming_greenwashing_risk
3,32,additionality_test_design|regional_test_variants
3,34,gaming_greenwashing_risk|standardization_guidance
3,37,comparability_loss|data_availability|standardization_guidance|tiered_rigor_by_claim|verification_difficulty
3,40,inventory_vs_impact_boundary|model_validation_governance|simplified_methods_misleading|tiered_rigor_by_claim
3,41,model_validation_governance|standardization_guidance
3,42,comparability_loss|dispatch_based_methods_preferred|standardization_guidance
3,44,align_with_existing_tools|hourly_locational_granularity|tiered_rigor_by_claim|verification_difficulty
3,46,align_with_existing_tools|hourly_locational_granularity
3,48,align_with_existing_tools|dynamic_lifecycle_weighting|model_validation_governance
3,50,dynamic_lifecycle_weighting
3,51,dynamic_lifecycle_weighting|standardization_guidance
13,18,comparability_loss|complexity_burden|data_availability|real_world_impact_signal|sme_equity|standardization_guidance
13,20,formula_structurally_sound|standardization_guidance
13,22,secondary_effects_material
13,25,complexity_burden|lifetime_impact_view
13,27,additionality_gatekeeping|additionality_optionality
13,29,additionality_test_design
13,30,additionality_test_design
13,32,regional_test_variants
13,34,tiered_rigor_by_claim
13,37,dispatch_based_methods_preferred|simplified_methods_misleading
13,40,dispatch_based_methods_preferred|simplified_methods_misleading
13,41,model_validation_governance
13,42,hourly_locational_granularity|secondary_effects_material
13,44,data_availability|hourly_locational_granularity
13,46,data_availability|hourly_locational_granularity|tiered_rigor_by_claim
13,48,align_with_existing_tools|default_5050_weight|dynamic_lifecycle_weighting
13,50,complexity_burden|data_availability
13,51,align_with_existing_tools|dynamic_lifecycle_weighting
13,52,dynamic_lifecycle_weighting
15,18,real_world_impact_signal|sme_equity
15,20,baseline_counterfactual_problem|formula_structurally_sound|net_impact_completeness
15,22,inventory_vs_impact_boundary|secondary_effects_material
15,25,annual_truing_up
15,27,additionality_gatekeeping|additionality_test_design|sme_equity
15,29,additionality_test_design
15,37,dispatch_based_methods_preferred|simplified_methods_misleading
15,40,coarse_granularity_feasibility|sme_equity|standardization_guidance
15,44,regional_equity|sme_equity|standardization_guidance
15,46,coarse_granularity_feasibility|sme_equity|standardization_guidance
15,48,align_with_existing_tools|default_5050_weight|dynamic_lifecycle_weighting
15,51,default_5050_weight
16,20,integrate_with_scope2_recognition|investment_steering_dirty_grids
18,18,evidence_pointer|integrate_with_scope2_recognition|investment_steering_dirty_grids
18,20,corrects_attributional_blindspots|integrate_with_scope2_recognition|investment_steering_dirty_grids
18,52,evidence_pointer|integrate_with_scope2_recognition
20,18,standardization_guidance
22,18,additionality_gatekeeping|comparability_loss|complexity_burden|corrects_attributional_blindspots|data_availability|gaming_greenwashing_risk|hourly_locational_granularity|investment_steering_dirty_grids|perverse_incentives|real_world_impact_signal|regional_equity|standardization_guidance
22,20,align_with_existing_tools|formula_structurally_sound|hourly_locational_granularity|inventory_vs_impact_boundary|standardization_guidance
22,22,comparability_loss|data_availability|secondary_effects_material|standardization_guidance
22,25,annual_truing_up|baseline_counterfactual_problem
22,27,additionality_gatekeeping|additionality_optionality|additionality_test_design|regional_test_variants
22,29,additionality_test_design|data_availability|regional_test_variants
22,30,additionality_test_design
22,32,regional_test_variants
22,34,additionality_test_design|tiered_rigor_by_claim
22,37,dispatch_based_methods_preferred|simplified_methods_misleading
22,40,dispatch_based_methods_preferred|simplified_methods_misleading
22,41,model_validation_governance
22,42,hourly_locational_granularity|net_impact_completeness
22,44,hourly_locational_granularity
22,46,hourly_locational_granularity
22,48,align_with_existing_tools|dynamic_lifecycle_weighting
22,50,dynamic_lifecycle_weighting
22,51,dynamic_lifecycle_weighting
22,52,evidence_pointer
23,18,additionality_gatekeeping|inventory_vs_impact_boundary|net_impact_completeness|real_world_impact_signal
23,20,net_impact_completeness
23,23,secondary_effects_unquantifiable|tiered_rigor_by_claim
23,25,annual_truing_up
23,27,additionality_gatekeeping|additionality_optionality|additionality_test_design
24,18,gaming_greenwashing_risk|incentive_erosion_procurement|integrate_with_scope2_recognition
24,22,evidence_pointer|secondary_effects_material
24,27,additionality_gatekeeping|additionality_test_design
24,29,additionality_test_design
24,30,additionality_test_design
24,34,additionality_test_design|tiered_rigor_by_claim
25,18,annual_truing_up|coarse_granularity_feasibility|double_counting_risk|lifetime_impact_view|tiered_rigor_by_claim
25,20,coarse_granularity_feasibility|complexity_burden|lifetime_impact_view|tiered_rigor_by_claim
25,22,secondary_effects_material
25,23,secondary_effects_material
25,25,annual_truing_up|lifetime_impact_view
25,27,additionality_optionality|additionality_test_design|additionality_wrong_construct|tiered_rigor_by_claim
25,29,tiered_rigor_by_claim
25,30,additionality_test_design
25,32,regional_test_variants
25,34,tiered_rigor_by_claim
25,37,coarse_granularity_feasibility|complexity_burden|tiered_rigor_by_claim
25,40,baseline_counterfactual_problem
25,41,complexity_burden|regional_equity
25,42,coarse_granularity_feasibility
25,44,coarse_granularity_feasibility|tiered_rigor_by_claim
25,46,coarse_granularity_feasibility|tiered_rigor_by_claim
25,48,dynamic_lifecycle_weighting
25,50,dynamic_lifecycle_weighting
25,51,complexity_burden
25,52,evidence_pointer
26,20,align_with_existing_tools|formula_structurally_sound
26,22,evidence_pointer|secondary_effects_material
26,25,align_with_existing_tools|annual_truing_up|standardization_guidance
26,27,additionality_gatekeeping|additionality_optionality|additionality_test_design
26,29,additionality_test_design
26,30,additionality_test_design|double_counting_risk
26,32,align_with_existing_tools|regional_test_variants
26,34,gaming_greenwashing_risk|tiered_rigor_by_claim
26,37,simplified_methods_misleading
26,40,simplified_methods_misleading
26,41,align_with_existing_tools|model_validation_governance|standardization_guidance
26,42,dynamic_lifecycle_weighting|hourly_locational_granularity|secondary_effects_material|standardization_guidance|tiered_rigor_by_claim
26,44,data_availability|hourly_locational_granularity
26,46,data_availability|hourly_locational_granularity
26,48,align_with_existing_tools|dynamic_lifecycle_weighting
26,50,align_with_existing_tools
26,51,dynamic_lifecycle_weighting|standardization_guidance
26,52,dynamic_lifecycle_weighting|evidence_pointer
27,18,align_with_existing_tools|comparability_loss|complexity_burden|corrects_attributional_blindspots|data_availability|gaming_greenwashing_risk|inventory_vs_impact_boundary|investment_steering_dirty_grids|jurisdiction_specific_context|real_world_impact_signal|sme_equity
29,18,comparability_loss|complexity_burden|data_availability|gaming_greenwashing_risk|real_world_impact_signal|standardization_guidance|verification_difficulty
29,20,formula_structurally_sound
29,22,secondary_effects_unquantifiable
29,25,annual_truing_up|baseline_counterfactual_problem
29,27,additionality_gatekeeping|additionality_optionality|additionality_test_design
29,29,additionality_test_design|align_with_existing_tools|standardization_guidance
29,30,additionality_test_design
29,32,additionality_stringency_chill|regional_test_variants
29,34,additionality_test_design|tiered_rigor_by_claim
29,37,dispatch_based_methods_preferred|hourly_locational_granularity|simplified_methods_misleading
29,40,baseline_counterfactual_problem|dispatch_based_methods_preferred|simplified_methods_misleading
29,41,model_validation_governance
29,42,secondary_effects_material
29,44,coarse_granularity_feasibility|complexity_burden
29,46,hourly_locational_granularity
29,48,align_with_existing_tools|dynamic_lifecycle_weighting
29,51,dynamic_lifecycle_weighting
29,52,evidence_pointer
30,18,align_with_existing_tools|dispatch_based_methods_preferred|hourly_locational_granularity|real_world_impact_signal|standardization_guidance
31,18,uncodeable
31,27,uncodeable
31,29,uncodeable
31,30,uncodeable
31,32,uncodeable
31,34,uncodeable
32,18,net_impact_completeness|real_world_impact_signal
32,20,net_impact_completeness|real_world_impact_signal
35,18,additionality_wrong_construct|tiered_rigor_by_claim
35,20,net_impact_completeness|tiered_rigor_by_claim
35,22,secondary_effects_material|tiered_rigor_by_claim
35,25,align_with_existing_tools|annual_truing_up
35,27,align_with_existing_tools|tiered_rigor_by_claim
35,29,additionality_test_design
35,34,tiered_rigor_by_claim
35,44,align_with_existing_tools
35,46,align_with_existing_tools|coarse_granularity_feasibility|data_availability
37,18,baseline_counterfactual_problem|comparability_loss|complexity_burden|gaming_greenwashing_risk
37,20,baseline_counterfactual_problem|double_counting_risk|gaming_greenwashing_risk|inventory_vs_impact_boundary
37,23,secondary_effects_unquantifiable
37,25,attribution_uncertainty|baseline_counterfactual_problem|inventory_vs_impact_boundary
37,37,comparability_loss|gaming_greenwashing_risk|standardization_guidance
37,44,data_availability
37,46,align_with_existing_tools|hourly_locational_granularity
38,18,gaming_greenwashing_risk|secondary_effects_material
38,22,gaming_greenwashing_risk|secondary_effects_material
38,25,align_with_existing_tools
38,46,hourly_locational_granularity
39,18,gaming_greenwashing_risk|incentive_erosion_procurement|integrate_with_scope2_recognition
39,22,evidence_pointer|secondary_effects_material
39,27,additionality_gatekeeping|additionality_test_design
39,29,additionality_test_design
39,30,additionality_test_design
39,34,additionality_test_design|tiered_rigor_by_claim
40,20,formula_structurally_sound
40,22,secondary_effects_material
40,25,annual_truing_up
40,37,uncodeable
40,46,coarse_granularity_feasibility
41,18,corrects_attributional_blindspots|net_impact_completeness|perverse_incentives|real_world_impact_signal
41,20,align_with_existing_tools|corrects_attributional_blindspots|net_impact_completeness|perverse_incentives
41,22,secondary_effects_material|secondary_effects_unquantifiable|standardization_guidance
41,25,align_with_existing_tools|annual_truing_up|tiered_rigor_by_claim
41,27,additionality_gatekeeping|additionality_optionality|additionality_test_design
41,29,additionality_test_design
41,30,additionality_test_design|align_with_existing_tools|evidence_pointer
41,32,comparability_loss|standardization_guidance
41,34,additionality_test_design|comparability_loss|net_impact_completeness|standardization_guidance
41,37,baseline_counterfactual_problem|comparability_loss|dispatch_based_methods_preferred|gaming_greenwashing_risk|simplified_methods_misleading|verification_difficulty
41,40,comparability_loss|dispatch_based_methods_preferred|evidence_pointer|simplified_methods_misleading
41,41,dispatch_based_methods_preferred|dynamic_lifecycle_weighting|standardization_guidance
41,42,hourly_locational_granularity|inventory_vs_impact_boundary|net_impact_completeness
41,44,align_with_existing_tools
41,46,align_with_existing_tools|standardization_guidance
41,48,dynamic_lifecycle_weighting|perverse_incentives
41,50,comparability_loss|complexity_burden|gaming_greenwashing_risk|standardization_guidance
41,51,dynamic_lifecycle_weighting|standardization_guidance
41,52,evidence_pointer
42,18,attribution_uncertainty|comparability_loss|complexity_burden|data_availability|gaming_greenwashing_risk|inventory_vs_impact_boundary|real_world_impact_signal|regional_equity|sme_equity|verification_difficulty
42,20,comparability_loss|formula_structurally_sound|standardization_guidance
42,22,secondary_effects_material|secondary_effects_unquantifiable
42,25,annual_truing_up|baseline_counterfactual_problem
42,27,additionality_gatekeeping|additionality_optionality|additionality_test_design|sme_equity
42,29,additionality_test_design|sme_equity
42,30,additionality_test_design
42,32,regional_test_variants
42,34,tiered_rigor_by_claim
42,37,dispatch_based_methods_preferred|simplified_methods_misleading
42,40,dispatch_based_methods_preferred|simplified_methods_misleading
42,41,model_validation_governance
42,42,attribution_uncertainty|hourly_locational_granularity
42,44,coarse_granularity_feasibility|data_availability
42,46,hourly_locational_granularity
42,48,align_with_existing_tools|dynamic_lifecycle_weighting
42,50,align_with_existing_tools|comparability_loss|data_availability|verification_difficulty
42,51,dynamic_lifecycle_weighting|standardization_guidance
42,52,dynamic_lifecycle_weighting|evidence_pointer|standardization_guidance
43,20,attribution_uncertainty|complexity_burden|inventory_vs_impact_boundary|regional_equity
43,23,double_counting_risk|secondary_effects_unquantifiable
44,29,additionality_optionality|additionality_stringency_chill|additionality_test_design|complexity_burden
45,20,attribution_uncertainty|complexity_burden|inventory_vs_impact_boundary|regional_equity
46,18,attribution_uncertainty|real_world_impact_signal|standardization_guidance
46,20,net_impact_completeness|tiered_rigor_by_claim
46,22,secondary_effects_material
46,25,annual_truing_up|lifetime_impact_view
46,27,additionality_test_design
46,29,additionality_test_design|evidence_pointer|gaming_greenwashing_risk
46,30,additionality_test_design
46,32,additionality_test_design|evidence_pointer|regional_test_variants
46,34,tiered_rigor_by_claim
46,37,attribution_uncertainty|comparability_loss|evidence_pointer|standardization_guidance
46,40,simplified_methods_misleading
46,41,evidence_pointer|model_validation_governance
46,42,corrects_attributional_blindspots|net_impact_completeness
46,44,hourly_locational_granularity|standardization_guidance
46,46,hourly_locational_granularity|standardization_guidance
46,48,attribution_uncertainty|standardization_guidance
46,51,dynamic_lifecycle_weighting|evidence_pointer
46,52,evidence_pointer
47,20,attribution_uncertainty|complexity_burden|inventory_vs_impact_boundary|regional_equity
47,23,double_counting_risk|secondary_effects_unquantifiable
48,18,attribution_uncertainty|complexity_burden|corrects_attributional_blindspots|data_availability|integrate_with_scope2_recognition|investment_steering_dirty_grids|real_world_impact_signal|standardization_guidance
48,20,attribution_uncertainty|complexity_burden|formula_structurally_sound|standardization_guidance
48,22,secondary_effects_material|standardization_guidance
48,25,annual_truing_up|baseline_counterfactual_problem|standardization_guidance
48,27,additionality_gatekeeping|additionality_optionality|additionality_stringency_chill|regional_test_variants
48,29,additionality_optionality|additionality_test_design|regional_test_variants
48,30,additionality_test_design
48,32,regional_test_variants
48,34,gaming_greenwashing_risk|tiered_rigor_by_claim
48,37,dispatch_based_methods_preferred|simplified_methods_misleading|standardization_guidance
48,40,dispatch_based_methods_preferred|simplified_methods_misleading|standardization_guidance
48,41,model_validation_governance|standardization_guidance
48,42,dynamic_lifecycle_weighting|hourly_locational_granularity
48,44,data_availability|hourly_locational_granularity|standardization_guidance
48,46,attribution_uncertainty|hourly_locational_granularity|standardization_guidance
48,48,align_with_existing_tools|default_5050_weight|dynamic_lifecycle_weighting|standardization_guidance
48,50,complexity_burden|data_availability|standardization_guidance
48,51,dynamic_lifecycle_weighting|investment_steering_dirty_grids|standardization_guidance
48,52,dynamic_lifecycle_weighting|evidence_pointer|real_world_impact_signal
49,18,corrects_attributional_blindspots|evidence_pointer|real_world_impact_signal
50,18,complexity_burden|data_availability|sme_equity
50,20,align_with_existing_tools|net_impact_completeness|tiered_rigor_by_claim
50,22,secondary_effects_material
50,25,complexity_burden|lifetime_impact_view
50,27,additionality_gatekeeping|additionality_optionality|additionality_test_design
50,29,additionality_test_design
50,34,tiered_rigor_by_claim
50,40,simplified_methods_misleading
50,44,coarse_granularity_feasibility
50,46,complexity_burden|hourly_locational_granularity
51,18,attribution_uncertainty|baseline_counterfactual_problem|complexity_burden|data_availability|incentive_erosion_procurement
51,20,coarse_granularity_feasibility|complexity_burden
51,22,uncodeable
51,23,secondary_effects_unquantifiable
51,25,align_with_existing_tools|lifetime_impact_view
51,27,additionality_gatekeeping|additionality_test_design
51,29,additionality_test_design
51,30,uncodeable
51,32,uncodeable
51,34,uncodeable
51,37,attribution_uncertainty|coarse_granularity_feasibility
51,40,baseline_counterfactual_problem
51,41,annual_truing_up|baseline_counterfactual_problem
51,42,uncodeable
51,44,coarse_granularity_feasibility
51,46,coarse_granularity_feasibility
51,48,align_with_existing_tools
51,50,uncodeable
51,51,uncodeable
51,52,uncodeable
53,18,inventory_vs_impact_boundary
53,20,hourly_locational_granularity
53,22,hourly_locational_granularity|integrate_with_scope2_recognition
54,18,corrects_attributional_blindspots|integrate_with_scope2_recognition|investment_steering_dirty_grids|real_world_impact_signal
54,20,additionality_gatekeeping|net_impact_completeness
54,25,annual_truing_up
54,27,additionality_gatekeeping|additionality_optionality|additionality_stringency_chill|regional_test_variants
54,29,additionality_test_design|regional_test_variants
54,32,regional_test_variants|tiered_rigor_by_claim
55,18,complexity_burden
55,27,additionality_optionality
55,37,align_with_existing_tools|complexity_burden
55,40,align_with_existing_tools|complexity_burden
55,48,align_with_existing_tools|complexity_burden
56,18,additionality_stringency_chill|baseline_counterfactual_problem|evidence_pointer|inventory_vs_impact_boundary|jurisdiction_specific_context
56,22,evidence_pointer|secondary_effects_material|workstream_coordination
56,25,annual_truing_up|evidence_pointer
56,29,additionality_stringency_chill|additionality_test_design|evidence_pointer|jurisdiction_specific_context|regional_test_variants
56,32,additionality_test_design|evidence_pointer|jurisdiction_specific_context
57,18,additionality_stringency_chill|integrate_with_scope2_recognition|investment_steering_dirty_grids|net_impact_completeness|real_world_impact_signal
57,25,annual_truing_up
57,29,additionality_test_design
58,18,additionality_stringency_chill|complexity_burden|data_availability|incentive_erosion_procurement|investment_steering_dirty_grids|real_world_impact_signal
58,27,additionality_gatekeeping|additionality_optionality|additionality_test_design|regional_test_variants
58,29,additionality_test_design
58,32,regional_test_variants
58,34,additionality_stringency_chill|tiered_rigor_by_claim
60,18,attribution_uncertainty|complexity_burden|inventory_vs_impact_boundary|regional_equity
60,20,attribution_uncertainty|complexity_burden|inventory_vs_impact_boundary|regional_equity
60,23,double_counting_risk|secondary_effects_unquantifiable
61,20,lifetime_impact_view|secondary_effects_material
61,22,secondary_effects_material
61,25,annual_truing_up|secondary_effects_material
61,27,additionality_gatekeeping|additionality_optionality|additionality_test_design
61,29,additionality_test_design
61,30,additionality_test_design
61,32,align_with_existing_tools|jurisdiction_specific_context|regional_test_variants
61,48,align_with_existing_tools|default_5050_weight
61,51,align_with_existing_tools
62,18,baseline_counterfactual_problem|coarse_granularity_feasibility|comparability_loss|complexity_burden|corrects_attributional_blindspots|data_availability|double_counting_risk|inventory_vs_impact_boundary|perverse_incentives|real_world_impact_signal|sme_equity|standardization_guidance
62,20,coarse_granularity_feasibility|double_counting_risk|formula_structurally_sound|inventory_vs_impact_boundary|standardization_guidance
62,22,double_counting_risk|inventory_vs_impact_boundary|secondary_effects_material|standardization_guidance
62,25,annual_truing_up|baseline_counterfactual_problem
62,27,additionality_gatekeeping|additionality_optionality|additionality_test_design|sme_equity
62,29,additionality_test_design
62,32,regional_test_variants
62,34,tiered_rigor_by_claim
62,37,dispatch_based_methods_preferred|simplified_methods_misleading
62,40,dispatch_based_methods_preferred|simplified_methods_misleading
62,41,model_validation_governance
62,44,coarse_granularity_feasibility|data_availability
62,46,coarse_granularity_feasibility|comparability_loss|data_availability|sme_equity
62,50,align_with_existing_tools|complexity_burden|dynamic_lifecycle_weighting
62,52,align_with_existing_tools|evidence_pointer
63,18,real_world_impact_signal
63,20,formula_structurally_sound
63,22,net_impact_completeness|secondary_effects_material
63,25,lifetime_impact_view
63,27,additionality_wrong_construct
63,29,additionality_wrong_construct
63,30,additionality_wrong_construct
63,37,coarse_granularity_feasibility|complexity_burden
63,40,complexity_burden
64,18,inventory_vs_impact_boundary|investment_steering_dirty_grids
65,18,annual_truing_up|complexity_burden|data_availability|hourly_locational_granularity|inventory_vs_impact_boundary|investment_steering_dirty_grids|real_world_impact_signal|regional_equity|simplified_methods_misleading
65,20,annual_truing_up|formula_structurally_sound|hourly_locational_granularity
65,22,secondary_effects_material
65,25,annual_truing_up
65,27,additionality_test_design
65,29,additionality_test_design|jurisdiction_specific_context
65,32,jurisdiction_specific_context|regional_test_variants
66,23,attribution_uncertainty|secondary_effects_unquantifiable
66,48,align_with_existing_tools
67,18,additionality_gatekeeping|evidence_pointer|integrate_with_scope2_recognition|investment_steering_dirty_grids|real_world_impact_signal|standardization_guidance
67,20,integrate_with_scope2_recognition|net_impact_completeness|standardization_guidance
67,23,secondary_effects_unquantifiable
67,25,annual_truing_up
67,27,additionality_gatekeeping|additionality_test_design
67,34,tiered_rigor_by_claim
68,18,data_availability|real_world_impact_signal
68,20,formula_structurally_sound|inventory_vs_impact_boundary|tiered_rigor_by_claim
68,22,real_world_impact_signal|secondary_effects_material
68,25,annual_truing_up
68,27,additionality_wrong_construct
68,37,dispatch_based_methods_preferred
68,40,dispatch_based_methods_preferred
68,44,data_availability|jurisdiction_specific_context
68,46,coarse_granularity_feasibility|jurisdiction_specific_context
68,48,align_with_existing_tools
69,18,align_with_existing_tools|baseline_counterfactual_problem|tiered_rigor_by_claim
69,29,additionality_stringency_chill|standardization_guidance|workstream_coordination
70,18,complexity_burden|data_availability|real_world_impact_signal|sme_equity
70,20,annual_truing_up|baseline_counterfactual_problem
70,22,uncodeable
70,23,secondary_effects_unquantifiable
70,25,annual_truing_up
70,27,additionality_gatekeeping|additionality_test_design
70,29,uncodeable
70,30,uncodeable
70,34,uncodeable
70,37,complexity_burden|dispatch_based_methods_preferred
70,40,dispatch_based_methods_preferred|simplified_methods_misleading
70,41,uncodeable
70,42,uncodeable
70,44,coarse_granularity_feasibility
70,46,hourly_locational_granularity
70,48,align_with_existing_tools
70,50,uncodeable
70,51,uncodeable
70,52,uncodeable
71,18,comparability_loss|data_availability|standardization_guidance
71,20,formula_structurally_sound
71,22,gaming_greenwashing_risk
71,25,annual_truing_up
71,27,additionality_gatekeeping
71,29,additionality_test_design
71,30,additionality_test_design
71,41,complexity_burden
71,44,align_with_existing_tools|coarse_granularity_feasibility
72,18,attribution_uncertainty|baseline_counterfactual_problem|comparability_loss|gaming_greenwashing_risk|standardization_guidance
72,20,standardization_guidance
72,22,complexity_burden|secondary_effects_material
72,25,annual_truing_up|inventory_vs_impact_boundary|standardization_guidance|tiered_rigor_by_claim
72,37,attribution_uncertainty|data_availability|standardization_guidance
72,40,baseline_counterfactual_problem|dispatch_based_methods_preferred
72,41,model_validation_governance
72,42,attribution_uncertainty|complexity_burden
72,44,attribution_uncertainty|coarse_granularity_feasibility|complexity_burden|hourly_locational_granularity
72,46,coarse_granularity_feasibility|complexity_burden|hourly_locational_granularity|standardization_guidance
72,48,attribution_uncertainty
73,18,baseline_counterfactual_problem|comparability_loss|inventory_vs_impact_boundary|investment_steering_dirty_grids|net_impact_completeness|real_world_impact_signal|secondary_effects_unquantifiable|standardization_guidance
73,20,net_impact_completeness|secondary_effects_material
74,18,align_with_existing_tools|corrects_attributional_blindspots|evidence_pointer|integrate_with_scope2_recognition|investment_steering_dirty_grids|net_impact_completeness
74,20,corrects_attributional_blindspots|evidence_pointer|integrate_with_scope2_recognition|net_impact_completeness|perverse_incentives
74,22,secondary_effects_material|secondary_effects_unquantifiable|standardization_guidance
74,25,align_with_existing_tools|annual_truing_up|tiered_rigor_by_claim
74,27,additionality_gatekeeping|additionality_optionality|additionality_test_design
74,29,additionality_test_design
74,30,additionality_test_design|evidence_pointer
74,32,comparability_loss|standardization_guidance
74,34,additionality_test_design|comparability_loss|net_impact_completeness|standardization_guidance
74,37,baseline_counterfactual_problem|comparability_loss|dispatch_based_methods_preferred|simplified_methods_misleading|verification_difficulty
74,40,comparability_loss|dispatch_based_methods_preferred|evidence_pointer|simplified_methods_misleading
74,41,dispatch_based_methods_preferred|dynamic_lifecycle_weighting|standardization_guidance
74,42,hourly_locational_granularity|net_impact_completeness
74,44,standardization_guidance|workstream_coordination
74,46,standardization_guidance|workstream_coordination
74,48,dynamic_lifecycle_weighting|evidence_pointer|perverse_incentives
74,50,additionality_gatekeeping|comparability_loss|dispatch_based_methods_preferred|dynamic_lifecycle_weighting|gaming_greenwashing_risk
74,51,dynamic_lifecycle_weighting|standardization_guidance
74,52,evidence_pointer|model_validation_governance
75,18,inventory_vs_impact_boundary|net_impact_completeness|real_world_impact_signal|tiered_rigor_by_claim
75,20,integrate_with_scope2_recognition|inventory_vs_impact_boundary|net_impact_completeness|tiered_rigor_by_claim
75,23,secondary_effects_unquantifiable
75,25,annual_truing_up
75,29,additionality_test_design|standardization_guidance
75,34,comparability_loss|tiered_rigor_by_claim
75,48,model_validation_governance|standardization_guidance
76,18,comparability_loss|complexity_burden|data_availability|double_counting_risk|incentive_erosion_procurement|inventory_vs_impact_boundary|investment_steering_dirty_grids|real_world_impact_signal|sme_equity
77,18,additionality_test_design|attribution_uncertainty|baseline_counterfactual_problem|complexity_burden|corrects_attributional_blindspots|data_availability|inventory_vs_impact_boundary|real_world_impact_signal|sme_equity|standardization_guidance|tiered_rigor_by_claim|verification_difficulty
77,20,additionality_gatekeeping|align_with_existing_tools|corrects_attributional_blindspots|hourly_locational_granularity|net_impact_completeness|perverse_incentives
77,22,secondary_effects_material|secondary_effects_unquantifiable|standardization_guidance
77,25,annual_truing_up|tiered_rigor_by_claim
77,27,additionality_gatekeeping|additionality_test_design
77,29,additionality_test_design
77,30,additionality_test_design|standardization_guidance
77,32,comparability_loss|gaming_greenwashing_risk|standardization_guidance
77,34,additionality_gatekeeping|gaming_greenwashing_risk|net_impact_completeness|standardization_guidance
77,37,comparability_loss|dispatch_based_methods_preferred|simplified_methods_misleading|standardization_guidance
77,40,comparability_loss|dispatch_based_methods_preferred|simplified_methods_misleading
77,41,dispatch_based_methods_preferred|dynamic_lifecycle_weighting|standardization_guidance
77,42,hourly_locational_granularity|integrate_with_scope2_recognition|inventory_vs_impact_boundary|net_impact_completeness
77,44,hourly_locational_granularity|inventory_vs_impact_boundary|standardization_guidance
77,46,hourly_locational_granularity|standardization_guidance
78,18,inventory_vs_impact_boundary|tiered_rigor_by_claim
78,20,attribution_uncertainty|dynamic_lifecycle_weighting
78,23,comparability_loss|gaming_greenwashing_risk|inventory_vs_impact_boundary|secondary_effects_unquantifiable
78,37,attribution_uncertainty|inventory_vs_impact_boundary
78,40,attribution_uncertainty|inventory_vs_impact_boundary
78,50,attribution_uncertainty|inventory_vs_impact_boundary
78,51,uncodeable
79,18,uncodeable
79,20,attribution_uncertainty|complexity_burden|inventory_vs_impact_boundary|regional_equity
79,23,double_counting_risk|secondary_effects_unquantifiable
80,18,real_world_impact_signal
80,20,formula_structurally_sound|inventory_vs_impact_boundary|tiered_rigor_by_claim
80,27,additionality_wrong_construct
80,37,dispatch_based_methods_preferred
80,40,dispatch_based_methods_preferred
80,44,data_availability|jurisdiction_specific_context
80,46,data_availability|jurisdiction_specific_context
80,48,align_with_existing_tools
81,18,complexity_burden|corrects_attributional_blindspots|data_availability|real_world_impact_signal|standardization_guidance
81,20,baseline_counterfactual_problem|formula_structurally_sound
81,23,comparability_loss|complexity_burden|secondary_effects_unquantifiable
81,25,annual_truing_up|lifetime_impact_view|tiered_rigor_by_claim
81,29,additionality_stringency_chill|additionality_test_design|jurisdiction_specific_context|regional_test_variants
81,32,additionality_stringency_chill|jurisdiction_specific_context|regional_test_variants
81,34,align_with_existing_tools|complexity_burden|data_availability|regional_equity|tiered_rigor_by_claim
81,37,coarse_granularity_feasibility|comparability_loss|complexity_burden|data_availability|standardization_guidance
81,40,coarse_granularity_feasibility|comparability_loss|complexity_burden|data_availability|standardization_guidance
81,41,comparability_loss|complexity_burden|data_availability|model_validation_governance|standardization_guidance
81,44,align_with_existing_tools|coarse_granularity_feasibility|comparability_loss
81,46,coarse_granularity_feasibility|comparability_loss|complexity_burden|dynamic_lifecycle_weighting
81,50,attribution_uncertainty|comparability_loss|complexity_burden|data_availability|regional_equity|standardization_guidance
81,51,align_with_existing_tools|dynamic_lifecycle_weighting|jurisdiction_specific_context
81,52,dynamic_lifecycle_weighting|evidence_pointer|jurisdiction_specific_context
82,20,attribution_uncertainty|complexity_burden|inventory_vs_impact_boundary|regional_equity
82,23,double_counting_risk|secondary_effects_unquantifiable
83,18,gaming_greenwashing_risk|integrate_with_scope2_recognition|standardization_guidance|verification_difficulty
83,20,complexity_burden|formula_structurally_sound|sme_equity
83,23,secondary_effects_unquantifiable
83,25,complexity_burden|lifetime_impact_view
83,27,additionality_test_design|incentive_erosion_procurement|regional_test_variants|sme_equity
83,29,additionality_test_design|align_with_existing_tools
83,30,additionality_test_design
83,32,jurisdiction_specific_context|regional_test_variants
83,37,coarse_granularity_feasibility|data_availability
84,18,align_with_existing_tools|baseline_counterfactual_problem|tiered_rigor_by_claim
84,29,additionality_stringency_chill|standardization_guidance|workstream_coordination
85,18,align_with_existing_tools|baseline_counterfactual_problem|tiered_rigor_by_claim
85,29,additionality_stringency_chill|standardization_guidance|workstream_coordination
86,18,attribution_uncertainty|baseline_counterfactual_problem|complexity_burden|data_availability|incentive_erosion_procurement
86,20,coarse_granularity_feasibility|complexity_burden
86,22,uncodeable
86,23,secondary_effects_unquantifiable
86,25,align_with_existing_tools|lifetime_impact_view
86,27,additionality_gatekeeping|additionality_test_design
86,29,additionality_test_design
86,30,uncodeable
86,32,uncodeable
86,37,attribution_uncertainty|coarse_granularity_feasibility
86,40,baseline_counterfactual_problem
86,41,annual_truing_up|baseline_counterfactual_problem
86,42,uncodeable
86,44,coarse_granularity_feasibility
86,46,coarse_granularity_feasibility
86,48,align_with_existing_tools
86,50,uncodeable
86,51,uncodeable
86,52,uncodeable
87,18,attribution_uncertainty|complexity_burden|inventory_vs_impact_boundary|real_world_impact_signal
87,23,secondary_effects_unquantifiable|standardization_guidance
87,25,annual_truing_up|lifetime_impact_view|tiered_rigor_by_claim
87,27,additionality_gatekeeping|additionality_optionality|tiered_rigor_by_claim
88,18,align_with_existing_tools|complexity_burden|incentive_erosion_procurement
89,18,attribution_uncertainty|baseline_counterfactual_problem|complexity_burden|data_availability|incentive_erosion_procurement
89,20,coarse_granularity_feasibility|complexity_burden
89,22,uncodeable
89,23,secondary_effects_unquantifiable
89,25,align_with_existing_tools|lifetime_impact_view
89,27,additionality_gatekeeping|additionality_test_design
89,29,additionality_test_design
89,30,uncodeable
89,32,uncodeable
89,37,attribution_uncertainty|coarse_granularity_feasibility
89,40,baseline_counterfactual_problem
89,41,annual_truing_up|baseline_counterfactual_problem
89,42,uncodeable
89,44,coarse_granularity_feasibility
89,46,coarse_granularity_feasibility
89,48,align_with_existing_tools
89,50,uncodeable
89,51,uncodeable
89,52,uncodeable
90,18,additionality_stringency_chill|corrects_attributional_blindspots|evidence_pointer|integrate_with_scope2_recognition|investment_steering_dirty_grids|net_impact_completeness|real_world_impact_signal
90,20,net_impact_completeness
90,27,additionality_gatekeeping|additionality_stringency_chill|additionality_test_design
91,18,inventory_vs_impact_boundary|standardization_guidance
92,18,additionality_stringency_chill|attribution_uncertainty|comparability_loss|data_availability|double_counting_risk|gaming_greenwashing_risk|inventory_vs_impact_boundary|perverse_incentives|verification_difficulty
92,20,attribution_uncertainty|double_counting_risk|formula_oversimplified|lifetime_impact_view|net_impact_completeness|secondary_effects_material
92,22,lifetime_impact_view|net_impact_completeness|secondary_effects_material
92,25,annual_truing_up|baseline_counterfactual_problem|lifetime_impact_view|perverse_incentives|secondary_effects_material
92,37,attribution_uncertainty|evidence_pointer|gaming_greenwashing_risk
93,18,attribution_uncertainty|baseline_counterfactual_problem|complexity_burden|data_availability|incentive_erosion_procurement
94,18,additionality_gatekeeping|double_counting_risk|standardization_guidance|tiered_rigor_by_claim
94,23,secondary_effects_unquantifiable
94,25,annual_truing_up
94,27,additionality_gatekeeping|additionality_test_design|tiered_rigor_by_claim
94,29,additionality_test_design
94,34,tiered_rigor_by_claim
94,40,baseline_counterfactual_problem|dispatch_based_methods_preferred
94,41,model_validation_governance
94,44,coarse_granularity_feasibility|data_availability
94,46,hourly_locational_granularity|tiered_rigor_by_claim
94,48,dynamic_lifecycle_weighting
94,50,comparability_loss|complexity_burden
95,18,additionality_stringency_chill|corrects_attributional_blindspots|evidence_pointer|integrate_with_scope2_recognition|investment_steering_dirty_grids|net_impact_completeness|real_world_impact_signal
95,20,integrate_with_scope2_recognition|net_impact_completeness
96,18,additionality_stringency_chill|additionality_test_design|baseline_counterfactual_problem|corrects_attributional_blindspots|gaming_greenwashing_risk|integrate_with_scope2_recognition|investment_steering_dirty_grids|net_impact_completeness|real_world_impact_signal|standardization_guidance
96,20,additionality_gatekeeping|gaming_greenwashing_risk|integrate_with_scope2_recognition|net_impact_completeness|standardization_guidance|workstream_coordination
96,22,net_impact_completeness|secondary_effects_material|secondary_effects_unquantifiable|standardization_guidance
96,23,align_with_existing_tools|annual_truing_up|net_impact_completeness|secondary_effects_unquantifiable|tiered_rigor_by_claim
96,25,annual_truing_up|baseline_counterfactual_problem|gaming_greenwashing_risk|standardization_guidance|tiered_rigor_by_claim|verification_difficulty
96,27,additionality_optionality|additionality_test_design|align_with_existing_tools|tiered_rigor_by_claim
96,29,additionality_test_design|additionality_wrong_construct|standardization_guidance|tiered_rigor_by_claim
96,30,additionality_test_design|net_impact_completeness|standardization_guidance|tiered_rigor_by_claim
96,32,additionality_test_design|align_with_existing_tools|standardization_guidance
96,34,additionality_test_design|integrate_with_scope2_recognition|net_impact_completeness|standardization_guidance|tiered_rigor_by_claim
96,37,annual_truing_up|dispatch_based_methods_preferred|gaming_greenwashing_risk|hourly_locational_granularity|simplified_methods_misleading|standardization_guidance
96,40,align_with_existing_tools|annual_truing_up|baseline_counterfactual_problem|dispatch_based_methods_preferred|net_impact_completeness|standardization_guidance
96,41,dynamic_lifecycle_weighting|hourly_locational_granularity|model_validation_governance|standardization_guidance|tiered_rigor_by_claim
96,42,corrects_attributional_blindspots|integrate_with_scope2_recognition|net_impact_completeness|standardization_guidance|tiered_rigor_by_claim
96,44,align_with_existing_tools|dynamic_lifecycle_weighting|hourly_locational_granularity|standardization_guidance
96,46,coarse_granularity_feasibility|hourly_locational_granularity|integrate_with_scope2_recognition|standardization_guidance
96,48,align_with_existing_tools|default_5050_weight|dynamic_lifecycle_weighting|gaming_greenwashing_risk|model_validation_governance|standardization_guidance
96,50,align_with_existing_tools|data_availability|default_5050_weight|gaming_greenwashing_risk|standardization_guidance
96,51,align_with_existing_tools|default_5050_weight|dynamic_lifecycle_weighting|gaming_greenwashing_risk|standardization_guidance
96,52,align_with_existing_tools|default_5050_weight|dynamic_lifecycle_weighting|evidence_pointer
97,20,net_impact_completeness
97,22,secondary_effects_material
98,18,complexity_burden|evidence_pointer|incentive_erosion_procurement|integrate_with_scope2_recognition|workstream_coordination
99,18,annual_truing_up|baseline_counterfactual_problem|dispatch_based_methods_preferred|standardization_guidance|tiered_rigor_by_claim
99,20,net_impact_completeness
101,18,additionality_test_design|attribution_uncertainty|baseline_counterfactual_problem|double_counting_risk|inventory_vs_impact_boundary|standardization_guidance
102,18,additionality_stringency_chill|corrects_attributional_blindspots|integrate_with_scope2_recognition|investment_steering_dirty_grids|net_impact_completeness|real_world_impact_signal
102,20,evidence_pointer|integrate_with_scope2_recognition|net_impact_completeness|workstream_coordination
102,23,annual_truing_up|secondary_effects_unquantifiable|tiered_rigor_by_claim
102,25,annual_truing_up
102,27,additionality_optionality|additionality_stringency_chill|additionality_test_design
102,34,regional_test_variants|standardization_guidance|tiered_rigor_by_claim
102,37,dispatch_based_methods_preferred|evidence_pointer|hourly_locational_granularity|simplified_methods_misleading
103,18,attribution_uncertainty|corrects_attributional_blindspots
104,18,additionality_stringency_chill|corrects_attributional_blindspots|evidence_pointer|inventory_vs_impact_boundary|investment_steering_dirty_grids|real_world_impact_signal
104,25,evidence_pointer|inventory_vs_impact_boundary|lifetime_impact_view
105,18,data_availability|gaming_greenwashing_risk|standardization_guidance
105,20,baseline_counterfactual_problem|evidence_pointer|gaming_greenwashing_risk|standardization_guidance|tiered_rigor_by_claim
105,22,secondary_effects_material
105,25,annual_truing_up|baseline_counterfactual_problem|standardization_guidance
105,27,additionality_gatekeeping|additionality_optionality|additionality_test_design
105,29,additionality_test_design
105,34,tiered_rigor_by_claim
106,18,additionality_stringency_chill|corrects_attributional_blindspots|investment_steering_dirty_grids|net_impact_completeness|real_world_impact_signal
106,20,evidence_pointer|investment_steering_dirty_grids|net_impact_completeness|workstream_coordination
107,18,additionality_stringency_chill|additionality_wrong_construct|annual_truing_up|coarse_granularity_feasibility|comparability_loss|corrects_attributional_blindspots|data_availability|evidence_pointer|incentive_erosion_procurement|integrate_with_scope2_recognition|investment_steering_dirty_grids|net_impact_completeness|real_world_impact_signal
107,20,evidence_pointer|net_impact_completeness|workstream_coordination
107,22,comparability_loss|complexity_burden
107,23,secondary_effects_unquantifiable
107,25,annual_truing_up|gaming_greenwashing_risk|tiered_rigor_by_claim
107,27,additionality_test_design|additionality_wrong_construct|evidence_pointer|incentive_erosion_procurement|perverse_incentives
107,29,additionality_optionality|additionality_stringency_chill|additionality_test_design
107,30,additionality_test_design
107,32,regional_test_variants
107,34,tiered_rigor_by_claim
107,37,dispatch_based_methods_preferred|evidence_pointer|hourly_locational_granularity|standardization_guidance
107,40,baseline_counterfactual_problem|evidence_pointer|standardization_guidance
107,41,model_validation_governance
107,42,model_validation_governance
107,44,evidence_pointer|hourly_locational_granularity|workstream_coordination
107,46,evidence_pointer|hourly_locational_granularity|standardization_guidance|workstream_coordination
107,48,align_with_existing_tools|comparability_loss|default_5050_weight|evidence_pointer|model_validation_governance|standardization_guidance
107,50,align_with_existing_tools|data_availability|evidence_pointer|model_validation_governance
107,51,dynamic_lifecycle_weighting
107,52,attribution_uncertainty|evidence_pointer
108,20,formula_structurally_sound|hourly_locational_granularity
108,25,annual_truing_up
108,27,additionality_gatekeeping|align_with_existing_tools
108,29,additionality_gatekeeping|additionality_test_design|jurisdiction_specific_context|regional_test_variants
108,32,comparability_loss|complexity_burden|standardization_guidance
108,34,additionality_test_design|tiered_rigor_by_claim
108,44,coarse_granularity_feasibility
108,46,annual_truing_up|hourly_locational_granularity
109,20,formula_structurally_sound|hourly_locational_granularity
109,25,annual_truing_up
109,27,additionality_gatekeeping|align_with_existing_tools
109,29,additionality_gatekeeping|additionality_test_design|jurisdiction_specific_context|regional_test_variants
109,32,comparability_loss|complexity_burden|standardization_guidance
109,34,additionality_test_design|tiered_rigor_by_claim
109,44,coarse_granularity_feasibility
109,46,annual_truing_up|hourly_locational_granularity
110,18,additionality_stringency_chill|evidence_pointer|integrate_with_scope2_recognition|investment_steering_dirty_grids|net_impact_completeness|real_world_impact_signal
110,20,evidence_pointer|integrate_with_scope2_recognition|net_impact_completeness|workstream_coordination
111,18,corrects_attributional_blindspots|investment_steering_dirty_grids|real_world_impact_signal|workstream_coordination
112,18,attribution_uncertainty|comparability_loss|data_availability|gaming_greenwashing_risk|inventory_vs_impact_boundary|investment_steering_dirty_grids|real_world_impact_signal|standardization_guidance
112,20,align_with_existing_tools|formula_structurally_sound|standardization_guidance
112,22,secondary_effects_material|standardization_guidance
112,23,uncodeable
112,25,annual_truing_up|baseline_counterfactual_problem|standardization_guidance|tiered_rigor_by_claim
112,27,additionality_gatekeeping|additionality_optionality|additionality_test_design
112,29,additionality_optionality|additionality_test_design
112,30,additionality_test_design|corrects_attributional_blindspots
112,32,regional_test_variants
112,34,additionality_test_design|standardization_guidance|tiered_rigor_by_claim
112,37,dispatch_based_methods_preferred|model_validation_governance|simplified_methods_misleading|standardization_guidance
112,40,dispatch_based_methods_preferred|simplified_methods_misleading|standardization_guidance
112,41,dynamic_lifecycle_weighting|model_validation_governance
112,42,dynamic_lifecycle_weighting|hourly_locational_granularity|secondary_effects_material
112,44,coarse_granularity_feasibility|data_availability|regional_equity|standardization_guidance
112,46,hourly_locational_granularity|standardization_guidance
112,48,align_with_existing_tools|dynamic_lifecycle_weighting|standardization_guidance
112,50,data_availability|regional_equity|standardization_guidance
112,51,dynamic_lifecycle_weighting|standardization_guidance
112,52,align_with_existing_tools|evidence_pointer|standardization_guidance
113,18,additionality_test_design|annual_truing_up|real_world_impact_signal|secondary_effects_material
113,20,align_with_existing_tools|annual_truing_up|secondary_effects_material|standardization_guidance
113,22,net_impact_completeness|secondary_effects_material|standardization_guidance
113,25,annual_truing_up
113,27,additionality_gatekeeping|additionality_test_design
113,29,additionality_test_design|additionality_wrong_construct|perverse_incentives
113,32,regional_test_variants|standardization_guidance
113,34,additionality_wrong_construct|tiered_rigor_by_claim
113,37,attribution_uncertainty|standardization_guidance
113,40,attribution_uncertainty|standardization_guidance
113,41,model_validation_governance
113,44,data_availability|standardization_guidance
113,46,data_availability|hourly_locational_granularity
113,51,annual_truing_up|standardization_guidance|workstream_coordination
114,18,corrects_attributional_blindspots|real_world_impact_signal
114,20,formula_oversimplified|net_impact_completeness
114,23,align_with_existing_tools|secondary_effects_unquantifiable|tiered_rigor_by_claim
114,25,align_with_existing_tools|annual_truing_up
114,27,additionality_gatekeeping|additionality_optionality|additionality_test_design
114,29,additionality_test_design
114,37,dispatch_based_methods_preferred|simplified_methods_misleading
114,40,baseline_counterfactual_problem|dispatch_based_methods_preferred|simplified_methods_misleading
114,41,model_validation_governance
114,44,data_availability|hourly_locational_granularity|standardization_guidance
114,46,hourly_locational_granularity
114,48,default_5050_weight|model_validation_governance
114,50,comparability_loss|standardization_guidance
115,18,complexity_burden|real_world_impact_signal
115,20,annual_truing_up|integrate_with_scope2_recognition|secondary_effects_unquantifiable
115,23,secondary_effects_unquantifiable
115,25,annual_truing_up
115,27,additionality_wrong_construct|tiered_rigor_by_claim
115,29,additionality_test_design|standardization_guidance
115,30,uncodeable
115,37,coarse_granularity_feasibility|standardization_guidance
115,40,uncodeable
115,41,complexity_burden
115,42,uncodeable
115,44,data_availability
115,46,data_availability
115,50,complexity_burden|default_5050_weight
116,18,align_with_existing_tools|complexity_burden|integrate_with_scope2_recognition|investment_steering_dirty_grids|real_world_impact_signal
116,20,integrate_with_scope2_recognition|net_impact_completeness
116,25,annual_truing_up|tiered_rigor_by_claim
116,27,additionality_gatekeeping|align_with_existing_tools
116,29,additionality_test_design|standardization_guidance
117,18,attribution_uncertainty|baseline_counterfactual_problem|complexity_burden|data_availability|incentive_erosion_procurement
117,20,coarse_granularity_feasibility|complexity_burden
117,22,uncodeable
117,23,secondary_effects_unquantifiable
117,25,align_with_existing_tools|lifetime_impact_view
117,27,additionality_gatekeeping|additionality_test_design
117,29,additionality_test_design
117,30,uncodeable
117,32,uncodeable
117,34,uncodeable
117,37,attribution_uncertainty|coarse_granularity_feasibility
117,40,baseline_counterfactual_problem
117,41,annual_truing_up|baseline_counterfactual_problem
117,42,uncodeable
117,44,coarse_granularity_feasibility
117,46,coarse_granularity_feasibility
117,48,align_with_existing_tools
117,50,uncodeable
117,51,uncodeable
117,52,uncodeable
118,18,additionality_stringency_chill|complexity_burden|inventory_vs_impact_boundary|real_world_impact_signal|regional_equity|regional_test_variants|sme_equity
118,20,coarse_granularity_feasibility|complexity_burden|incentive_erosion_procurement|jurisdiction_specific_context|lifetime_impact_view|secondary_effects_unquantifiable|standardization_guidance
118,23,secondary_effects_unquantifiable|standardization_guidance
118,25,incentive_erosion_procurement|lifetime_impact_view
118,27,additionality_gatekeeping|additionality_optionality|additionality_test_design|regional_test_variants
118,29,additionality_test_design|regional_test_variants
118,32,regional_equity|regional_test_variants
118,37,coarse_granularity_feasibility|data_availability
118,40,dispatch_based_methods_preferred
118,42,coarse_granularity_feasibility
118,44,align_with_existing_tools|coarse_granularity_feasibility
118,46,align_with_existing_tools|coarse_granularity_feasibility|complexity_burden|incentive_erosion_procurement|jurisdiction_specific_context
118,48,align_with_existing_tools|default_5050_weight|jurisdiction_specific_context|regional_test_variants
118,50,data_availability|jurisdiction_specific_context
118,51,data_availability|standardization_guidance
118,52,data_availability|jurisdiction_specific_context
119,18,comparability_loss|complexity_burden|data_availability|inventory_vs_impact_boundary|real_world_impact_signal|regional_equity
119,20,lifetime_impact_view|secondary_effects_material|standardization_guidance
119,22,secondary_effects_material
119,23,uncodeable
119,25,annual_truing_up|secondary_effects_material
119,27,additionality_gatekeeping|additionality_optionality|additionality_test_design
119,29,additionality_test_design
119,30,additionality_test_design
119,32,uncodeable
119,48,align_with_existing_tools|default_5050_weight
119,51,uncodeable
120,18,attribution_uncertainty|comparability_loss|complexity_burden|corrects_attributional_blindspots|data_availability|inventory_vs_impact_boundary|real_world_impact_signal|standardization_guidance
120,20,formula_structurally_sound
120,22,net_impact_completeness|secondary_effects_material
120,25,annual_truing_up
120,27,additionality_gatekeeping|additionality_test_design|gaming_greenwashing_risk
120,29,additionality_test_design|complexity_burden|gaming_greenwashing_risk
120,32,regional_test_variants
120,44,coarse_granularity_feasibility
120,46,hourly_locational_granularity|sme_equity|tiered_rigor_by_claim
121,18,real_world_impact_signal
121,20,net_impact_completeness|standardization_guidance
121,23,align_with_existing_tools|secondary_effects_unquantifiable
121,25,annual_truing_up|lifetime_impact_view
121,27,additionality_gatekeeping|additionality_test_design
121,29,additionality_test_design
121,37,model_validation_governance
121,40,simplified_methods_misleading|standardization_guidance
121,44,coarse_granularity_feasibility
121,46,coarse_granularity_feasibility
121,51,dynamic_lifecycle_weighting|gaming_greenwashing_risk
122,18,additionality_wrong_construct|tiered_rigor_by_claim
122,20,net_impact_completeness|tiered_rigor_by_claim
122,22,secondary_effects_material|tiered_rigor_by_claim
122,23,uncodeable
122,25,align_with_existing_tools|annual_truing_up
122,27,align_with_existing_tools|tiered_rigor_by_claim
122,29,additionality_test_design
122,34,tiered_rigor_by_claim
122,44,align_with_existing_tools
122,46,coarse_granularity_feasibility|data_availability
123,18,comparability_loss|complexity_burden|data_availability|inventory_vs_impact_boundary|real_world_impact_signal
123,27,additionality_gatekeeping|additionality_test_design
124,18,additionality_stringency_chill|tiered_rigor_by_claim
125,18,annual_truing_up|baseline_counterfactual_problem
125,20,coarse_granularity_feasibility|complexity_burden
125,25,annual_truing_up|baseline_counterfactual_problem
125,27,additionality_stringency_chill|additionality_wrong_construct
125,30,additionality_test_design|corrects_attributional_blindspots
125,34,standardization_guidance|tiered_rigor_by_claim
125,37,data_availability|standardization_guidance
125,40,data_availability|standardization_guidance
125,44,data_availability|standardization_guidance
125,46,sme_equity|standardization_guidance
125,48,data_availability|standardization_guidance
125,50,data_availability|standardization_guidance
125,51,corrects_attributional_blindspots|standardization_guidance
126,18,align_with_existing_tools|comparability_loss|complexity_burden|data_availability|dynamic_lifecycle_weighting|gaming_greenwashing_risk|real_world_impact_signal|simplified_methods_misleading|standardization_guidance|tiered_rigor_by_claim|verification_difficulty
127,18,additionality_gatekeeping|integrate_with_scope2_recognition|real_world_impact_signal
128,18,comparability_loss|complexity_burden|data_availability|integrate_with_scope2_recognition|net_impact_completeness|real_world_impact_signal
128,20,net_impact_completeness
128,25,annual_truing_up|dynamic_lifecycle_weighting|integrate_with_scope2_recognition|net_impact_completeness
128,27,additionality_gatekeeping|additionality_stringency_chill|additionality_test_design
128,32,regional_test_variants|standardization_guidance|tiered_rigor_by_claim
129,18,additionality_gatekeeping|annual_truing_up|dynamic_lifecycle_weighting|real_world_impact_signal|secondary_effects_material|standardization_guidance|tiered_rigor_by_claim
130,18,comparability_loss|complexity_burden|data_availability|inventory_vs_impact_boundary|standardization_guidance|tiered_rigor_by_claim
130,37,attribution_uncertainty|data_availability|jurisdiction_specific_context|verification_difficulty
131,18,additionality_test_design|align_with_existing_tools|integrate_with_scope2_recognition|real_world_impact_signal|standardization_guidance
131,20,integrate_with_scope2_recognition|net_impact_completeness
131,22,uncodeable
131,23,uncodeable
131,25,annual_truing_up
131,27,additionality_gatekeeping|additionality_test_design|align_with_existing_tools|tiered_rigor_by_claim
131,29,additionality_test_design|tiered_rigor_by_claim
131,34,gaming_greenwashing_risk|sme_equity|tiered_rigor_by_claim
132,20,coarse_granularity_feasibility|complexity_burden
132,22,integrate_with_scope2_recognition|secondary_effects_material
132,25,standardization_guidance|tiered_rigor_by_claim
133,18,additionality_test_design|align_with_existing_tools|integrate_with_scope2_recognition|real_world_impact_signal|standardization_guidance
133,27,additionality_gatekeeping|additionality_test_design|align_with_existing_tools|tiered_rigor_by_claim
133,29,additionality_test_design|tiered_rigor_by_claim
134,20,net_impact_completeness|workstream_coordination
134,37,model_validation_governance
134,40,model_validation_governance
134,41,dynamic_lifecycle_weighting|model_validation_governance
134,48,align_with_existing_tools|dynamic_lifecycle_weighting
135,18,annual_truing_up|baseline_counterfactual_problem|comparability_loss|complexity_burden|corrects_attributional_blindspots|double_counting_risk|investment_steering_dirty_grids|real_world_impact_signal|standardization_guidance
135,20,align_with_existing_tools|annual_truing_up|formula_structurally_sound|standardization_guidance
135,22,align_with_existing_tools
135,25,annual_truing_up|baseline_counterfactual_problem
135,27,additionality_gatekeeping|additionality_optionality|additionality_test_design
135,29,additionality_test_design
135,32,regional_test_variants
135,34,additionality_test_design|tiered_rigor_by_claim
136,18,corrects_attributional_blindspots|integrate_with_scope2_recognition|investment_steering_dirty_grids|net_impact_completeness|real_world_impact_signal
136,20,additionality_gatekeeping|evidence_pointer|investment_steering_dirty_grids|net_impact_completeness
136,25,annual_truing_up
136,27,additionality_gatekeeping|additionality_optionality|additionality_stringency_chill
136,29,additionality_optionality|regional_test_variants
136,32,regional_test_variants|tiered_rigor_by_claim
137,18,inventory_vs_impact_boundary|real_world_impact_signal|standardization_guidance
138,18,additionality_gatekeeping|additionality_stringency_chill|corrects_attributional_blindspots|integrate_with_scope2_recognition|investment_steering_dirty_grids|net_impact_completeness|real_world_impact_signal
138,20,net_impact_completeness|workstream_coordination
138,25,additionality_test_design|annual_truing_up|complexity_burden|incentive_erosion_procurement
138,27,additionality_gatekeeping|additionality_test_design
139,18,corrects_attributional_blindspots|double_counting_risk|gaming_greenwashing_risk|real_world_impact_signal
139,25,annual_truing_up
139,29,additionality_test_design
139,32,regional_test_variants
139,37,standardization_guidance
139,46,hourly_locational_granularity
139,51,corrects_attributional_blindspots|data_availability|standardization_guidance
139,52,attribution_uncertainty|evidence_pointer|perverse_incentives
140,18,comparability_loss|complexity_burden|data_availability|double_counting_risk|formula_structurally_sound|jurisdiction_specific_context|standardization_guidance|verification_difficulty
140,20,formula_structurally_sound|standardization_guidance
140,23,data_availability|secondary_effects_unquantifiable
140,25,annual_truing_up|data_availability
140,41,uncodeable
140,42,uncodeable
140,44,uncodeable
140,46,uncodeable
140,48,uncodeable
140,50,uncodeable
140,51,uncodeable
140,52,uncodeable
141,18,baseline_counterfactual_problem|comparability_loss|corrects_attributional_blindspots|inventory_vs_impact_boundary|real_world_impact_signal|standardization_guidance
141,20,formula_structurally_sound|standardization_guidance
141,22,net_impact_completeness|secondary_effects_material
142,18,corrects_attributional_blindspots|integrate_with_scope2_recognition|real_world_impact_signal
142,20,annual_truing_up|lifetime_impact_view|net_impact_completeness
142,22,net_impact_completeness|secondary_effects_material
142,25,annual_truing_up|baseline_counterfactual_problem|lifetime_impact_view
142,27,additionality_gatekeeping|additionality_test_design
142,29,additionality_test_design
142,32,additionality_test_design
142,34,additionality_test_design
142,37,dispatch_based_methods_preferred|standardization_guidance
142,40,baseline_counterfactual_problem|dynamic_lifecycle_weighting
142,41,baseline_counterfactual_problem|dispatch_based_methods_preferred|dynamic_lifecycle_weighting
142,42,uncodeable
142,44,coarse_granularity_feasibility
142,46,hourly_locational_granularity
142,48,baseline_counterfactual_problem|dynamic_lifecycle_weighting
142,51,uncodeable
142,52,attribution_uncertainty|dispatch_based_methods_preferred|evidence_pointer
143,18,incentive_erosion_procurement|integrate_with_scope2_recognition|investment_steering_dirty_grids|real_world_impact_signal|sme_equity
143,20,hourly_locational_granularity|net_impact_completeness
143,22,secondary_effects_material|standardization_guidance
143,23,uncodeable
143,25,annual_truing_up|baseline_counterfactual_problem
143,27,additionality_gatekeeping|additionality_optionality|regional_test_variants
143,29,additionality_test_design|gaming_greenwashing_risk|regional_test_variants
143,32,regional_test_variants
143,37,align_with_existing_tools|standardization_guidance
143,40,coarse_granularity_feasibility|data_availability|standardization_guidance
143,44,complexity_burden|sme_equity
143,46,attribution_uncertainty|incentive_erosion_procurement
144,18,align_with_existing_tools|integrate_with_scope2_recognition|investment_steering_dirty_grids|model_validation_governance|real_world_impact_signal|workstream_coordination
144,20,integrate_with_scope2_recognition|net_impact_completeness
145,18,additionality_stringency_chill|additionality_test_design|corrects_attributional_blindspots|integrate_with_scope2_recognition|investment_steering_dirty_grids|net_impact_completeness|real_world_impact_signal|workstream_coordination
145,20,net_impact_completeness
145,23,double_counting_risk|secondary_effects_unquantifiable
145,25,annual_truing_up
145,27,additionality_gatekeeping|additionality_test_design
145,32,standardization_guidance
145,46,hourly_locational_granularity
146,18,attribution_uncertainty|secondary_effects_material
146,20,secondary_effects_unquantifiable|standardization_guidance
146,25,annual_truing_up|lifetime_impact_view
146,44,data_availability
146,46,data_availability
147,18,additionality_gatekeeping|align_with_existing_tools|attribution_uncertainty|integrate_with_scope2_recognition|inventory_vs_impact_boundary|investment_steering_dirty_grids|real_world_impact_signal|standardization_guidance
147,22,secondary_effects_material
147,30,additionality_gatekeeping|additionality_test_design|evidence_pointer
147,42,dynamic_lifecycle_weighting|evidence_pointer|net_impact_completeness
147,46,hourly_locational_granularity
148,18,baseline_counterfactual_problem|comparability_loss|corrects_attributional_blindspots|real_world_impact_signal|secondary_effects_unquantifiable|standardization_guidance
148,20,complexity_burden|formula_structurally_sound|hourly_locational_granularity|lifetime_impact_view
148,23,incentive_erosion_procurement|secondary_effects_unquantifiable
148,25,uncodeable
148,29,additionality_test_design
148,44,coarse_granularity_feasibility|gaming_greenwashing_risk
148,46,hourly_locational_granularity
149,18,additionality_gatekeeping|evidence_pointer|integrate_with_scope2_recognition|investment_steering_dirty_grids|net_impact_completeness|real_world_impact_signal
149,20,evidence_pointer|integrate_with_scope2_recognition|inventory_vs_impact_boundary|net_impact_completeness|workstream_coordination
149,25,annual_truing_up|lifetime_impact_view|tiered_rigor_by_claim
149,27,additionality_gatekeeping|additionality_test_design|evidence_pointer|workstream_coordination
149,29,additionality_stringency_chill|additionality_test_design
149,37,dispatch_based_methods_preferred|evidence_pointer|hourly_locational_granularity|simplified_methods_misleading
149,40,default_5050_weight|dispatch_based_methods_preferred|evidence_pointer|simplified_methods_misleading
149,41,attribution_uncertainty|gaming_greenwashing_risk|model_validation_governance|standardization_guidance
149,42,dispatch_based_methods_preferred|evidence_pointer|simplified_methods_misleading
149,44,data_availability|evidence_pointer|hourly_locational_granularity|standardization_guidance
149,46,data_availability|hourly_locational_granularity|standardization_guidance
149,48,default_5050_weight|evidence_pointer|model_validation_governance
149,50,align_with_existing_tools|default_5050_weight|gaming_greenwashing_risk|model_validation_governance|perverse_incentives
149,51,gaming_greenwashing_risk|model_validation_governance
149,52,evidence_pointer
150,18,additionality_stringency_chill|corrects_attributional_blindspots|integrate_with_scope2_recognition|investment_steering_dirty_grids|net_impact_completeness|real_world_impact_signal|tiered_rigor_by_claim
150,20,evidence_pointer|integrate_with_scope2_recognition|net_impact_completeness|workstream_coordination
150,23,annual_truing_up|secondary_effects_unquantifiable|tiered_rigor_by_claim
150,25,annual_truing_up|tiered_rigor_by_claim
150,27,additionality_optionality|additionality_stringency_chill|additionality_test_design|evidence_pointer|workstream_coordination
150,29,additionality_test_design
150,34,tiered_rigor_by_claim
150,37,align_with_existing_tools|dispatch_based_methods_preferred
150,40,simplified_methods_misleading
150,44,evidence_pointer|workstream_coordination
150,46,evidence_pointer|hourly_locational_granularity|standardization_guidance|workstream_coordination
150,50,default_5050_weight
150,52,evidence_pointer
151,18,coarse_granularity_feasibility|complexity_burden|data_availability|double_counting_risk|incentive_erosion_procurement|investment_steering_dirty_grids|jurisdiction_specific_context|real_world_impact_signal
151,20,data_availability|formula_oversimplified|jurisdiction_specific_context
151,22,secondary_effects_material
151,25,incentive_erosion_procurement|jurisdiction_specific_context|lifetime_impact_view
151,27,additionality_gatekeeping
151,29,additionality_test_design|jurisdiction_specific_context|regional_test_variants
151,30,additionality_test_design
151,32,jurisdiction_specific_context|regional_test_variants
151,46,coarse_granularity_feasibility|jurisdiction_specific_context
151,52,evidence_pointer|jurisdiction_specific_context
152,18,baseline_counterfactual_problem|comparability_loss|corrects_attributional_blindspots|real_world_impact_signal|standardization_guidance
152,20,formula_structurally_sound|standardization_guidance
152,22,net_impact_completeness|secondary_effects_material
152,27,additionality_gatekeeping|additionality_optionality|additionality_test_design
152,29,additionality_optionality|additionality_test_design
152,44,coarse_granularity_feasibility
153,18,attribution_uncertainty|baseline_counterfactual_problem|data_availability|incentive_erosion_procurement|inventory_vs_impact_boundary
153,20,uncodeable
153,29,additionality_stringency_chill|additionality_test_design|additionality_wrong_construct|incentive_erosion_procurement
153,37,attribution_uncertainty|comparability_loss|data_availability|incentive_erosion_procurement|inventory_vs_impact_boundary|verification_difficulty
153,40,attribution_uncertainty|comparability_loss|data_availability|verification_difficulty
153,50,attribution_uncertainty|comparability_loss|data_availability|inventory_vs_impact_boundary|verification_difficulty
154,18,align_with_existing_tools|integrate_with_scope2_recognition|investment_steering_dirty_grids|model_validation_governance|net_impact_completeness|real_world_impact_signal|workstream_coordination
154,20,evidence_pointer|integrate_with_scope2_recognition|model_validation_governance|net_impact_completeness|workstream_coordination
154,42,integrate_with_scope2_recognition|net_impact_completeness|standardization_guidance
155,18,attribution_uncertainty|comparability_loss|corrects_attributional_blindspots|dynamic_lifecycle_weighting|evidence_pointer|gaming_greenwashing_risk|perverse_incentives|real_world_impact_signal
155,20,dynamic_lifecycle_weighting|evidence_pointer|formula_oversimplified|simplified_methods_misleading
155,22,evidence_pointer|secondary_effects_material
155,25,annual_truing_up|dynamic_lifecycle_weighting|evidence_pointer|lifetime_impact_view
155,27,additionality_test_design|additionality_wrong_construct|align_with_existing_tools|evidence_pointer|tiered_rigor_by_claim
155,29,additionality_test_design|align_with_existing_tools|evidence_pointer
155,32,evidence_pointer|jurisdiction_specific_context|regional_test_variants
155,37,attribution_uncertainty|dynamic_lifecycle_weighting|evidence_pointer|simplified_methods_misleading
155,40,dynamic_lifecycle_weighting|evidence_pointer
155,41,dynamic_lifecycle_weighting|evidence_pointer|model_validation_governance
155,44,evidence_pointer|hourly_locational_granularity
155,46,data_availability|evidence_pointer|hourly_locational_granularity
155,48,dynamic_lifecycle_weighting|evidence_pointer
156,18,attribution_uncertainty|baseline_counterfactual_problem|comparability_loss|inventory_vs_impact_boundary|verification_difficulty
157,18,attribution_uncertainty
157,20,baseline_counterfactual_problem|formula_structurally_sound
157,23,secondary_effects_unquantifiable|tiered_rigor_by_claim
157,25,tiered_rigor_by_claim
157,27,additionality_test_design|tiered_rigor_by_claim
157,29,standardization_guidance|tiered_rigor_by_claim
157,30,standardization_guidance|tiered_rigor_by_claim
157,34,tiered_rigor_by_claim
157,37,attribution_uncertainty|tiered_rigor_by_claim
157,40,attribution_uncertainty|tiered_rigor_by_claim
157,41,standardization_guidance|tiered_rigor_by_claim
157,42,tiered_rigor_by_claim
157,44,tiered_rigor_by_claim
157,46,tiered_rigor_by_claim
158,18,corrects_attributional_blindspots|evidence_pointer|integrate_with_scope2_recognition|investment_steering_dirty_grids|real_world_impact_signal|standardization_guidance
158,20,evidence_pointer|net_impact_completeness
158,23,secondary_effects_unquantifiable
158,25,annual_truing_up
158,27,additionality_gatekeeping|evidence_pointer|workstream_coordination
158,37,evidence_pointer|gaming_greenwashing_risk|standardization_guidance
158,40,comparability_loss|evidence_pointer
158,44,evidence_pointer|hourly_locational_granularity
158,46,hourly_locational_granularity
158,48,default_5050_weight|evidence_pointer|gaming_greenwashing_risk|workstream_coordination
159,18,inventory_vs_impact_boundary|net_impact_completeness|real_world_impact_signal
159,25,annual_truing_up|comparability_loss
159,27,additionality_gatekeeping|additionality_optionality|additionality_stringency_chill|additionality_test_design|evidence_pointer
159,29,additionality_gatekeeping|additionality_optionality|additionality_stringency_chill|additionality_test_design|evidence_pointer
160,18,complexity_burden|data_availability|incentive_erosion_procurement|investment_steering_dirty_grids|lifetime_impact_view|real_world_impact_signal|sme_equity|standardization_guidance
160,27,additionality_gatekeeping|additionality_optionality|additionality_test_design
160,29,additionality_test_design
160,32,regional_test_variants|standardization_guidance
161,18,additionality_stringency_chill|corrects_attributional_blindspots|evidence_pointer|integrate_with_scope2_recognition|investment_steering_dirty_grids|net_impact_completeness|real_world_impact_signal
161,20,evidence_pointer|net_impact_completeness|workstream_coordination
162,18,complexity_burden|jurisdiction_specific_context|verification_difficulty
163,18,corrects_attributional_blindspots|investment_steering_dirty_grids|real_world_impact_signal|workstream_coordination
164,18,investment_steering_dirty_grids|net_impact_completeness|real_world_impact_signal
164,20,evidence_pointer|net_impact_completeness|workstream_coordination
164,25,annual_truing_up|gaming_greenwashing_risk
164,27,additionality_gatekeeping|additionality_test_design
165,18,additionality_test_design|align_with_existing_tools|corrects_attributional_blindspots|integrate_with_scope2_recognition|net_impact_completeness|real_world_impact_signal
165,23,integrate_with_scope2_recognition|net_impact_completeness
165,25,annual_truing_up
165,27,additionality_test_design|align_with_existing_tools|tiered_rigor_by_claim
165,34,gaming_greenwashing_risk|sme_equity|tiered_rigor_by_claim
166,18,additionality_test_design|complexity_burden|incentive_erosion_procurement|integrate_with_scope2_recognition
167,18,additionality_optionality|inventory_vs_impact_boundary|standardization_guidance|workstream_coordination
168,18,additionality_gatekeeping|attribution_uncertainty|evidence_pointer|gaming_greenwashing_risk|inventory_vs_impact_boundary|model_validation_governance
168,25,annual_truing_up|baseline_counterfactual_problem|evidence_pointer|verification_difficulty
169,18,integrate_with_scope2_recognition|net_impact_completeness|real_world_impact_signal
169,20,net_impact_completeness|standardization_guidance
170,18,additionality_stringency_chill|corrects_attributional_blindspots|integrate_with_scope2_recognition|investment_steering_dirty_grids|net_impact_completeness|real_world_impact_signal|tiered_rigor_by_claim
170,20,evidence_pointer|integrate_with_scope2_recognition|net_impact_completeness|workstream_coordination
170,23,annual_truing_up|secondary_effects_unquantifiable|tiered_rigor_by_claim
170,25,annual_truing_up|tiered_rigor_by_claim
170,27,additionality_gatekeeping|additionality_optionality|additionality_stringency_chill|additionality_test_design|workstream_coordination
170,29,additionality_test_design
170,34,tiered_rigor_by_claim
170,40,baseline_counterfactual_problem|coarse_granularity_feasibility|dispatch_based_methods_preferred|evidence_pointer
170,44,coarse_granularity_feasibility|evidence_pointer|workstream_coordination
170,46,evidence_pointer|hourly_locational_granularity|standardization_guidance|workstream_coordination
171,18,baseline_counterfactual_problem|comparability_loss|corrects_attributional_blindspots|inventory_vs_impact_boundary|real_world_impact_signal|standardization_guidance
171,20,formula_structurally_sound|standardization_guidance
171,22,net_impact_completeness|secondary_effects_material
172,18,workstream_coordination
172,20,coarse_granularity_feasibility|complexity_burden|standardization_guidance
172,23,complexity_burden|secondary_effects_unquantifiable
172,27,additionality_optionality|align_with_existing_tools|regional_test_variants
172,29,additionality_optionality|regional_test_variants
172,30,additionality_optionality|workstream_coordination
172,32,regional_test_variants
172,37,complexity_burden|workstream_coordination
172,40,complexity_burden|workstream_coordination
172,44,coarse_granularity_feasibility
172,46,coarse_granularity_feasibility|data_availability
172,48,workstream_coordination
172,50,workstream_coordination
173,18,additionality_stringency_chill|evidence_pointer|integrate_with_scope2_recognition|investment_steering_dirty_grids|net_impact_completeness|real_world_impact_signal
173,20,evidence_pointer|integrate_with_scope2_recognition|net_impact_completeness|workstream_coordination
174,18,align_with_existing_tools
174,20,annual_truing_up|baseline_counterfactual_problem|standardization_guidance
174,22,secondary_effects_material|standardization_guidance
174,25,annual_truing_up
174,27,additionality_gatekeeping|additionality_test_design|align_with_existing_tools|regional_test_variants
174,29,additionality_optionality|regional_test_variants
174,32,regional_test_variants
174,34,tiered_rigor_by_claim
174,37,regional_equity|standardization_guidance|verification_difficulty
174,40,verification_difficulty
174,41,model_validation_governance|regional_equity
174,42,net_impact_completeness
174,44,align_with_existing_tools
174,46,align_with_existing_tools
174,48,align_with_existing_tools
174,50,workstream_coordination
174,51,align_with_existing_tools
175,18,additionality_stringency_chill|corrects_attributional_blindspots|evidence_pointer|integrate_with_scope2_recognition|investment_steering_dirty_grids|net_impact_completeness|real_world_impact_signal|workstream_coordination
175,20,evidence_pointer|integrate_with_scope2_recognition|net_impact_completeness|tiered_rigor_by_claim|workstream_coordination
175,23,secondary_effects_unquantifiable
175,25,annual_truing_up|integrate_with_scope2_recognition|net_impact_completeness
175,27,standardization_guidance
175,32,regional_test_variants|standardization_guidance
175,37,dispatch_based_methods_preferred|evidence_pointer|hourly_locational_granularity
175,40,comparability_loss|dispatch_based_methods_preferred|evidence_pointer|simplified_methods_misleading
175,44,data_availability|hourly_locational_granularity
175,46,hourly_locational_granularity|standardization_guidance
175,48,default_5050_weight|gaming_greenwashing_risk|incentive_erosion_procurement|model_validation_governance
176,18,corrects_attributional_blindspots|integrate_with_scope2_recognition|investment_steering_dirty_grids|net_impact_completeness|real_world_impact_signal|sme_equity
176,20,formula_structurally_sound|net_impact_completeness
176,23,align_with_existing_tools|secondary_effects_unquantifiable
176,25,annual_truing_up|integrate_with_scope2_recognition
176,27,additionality_optionality|additionality_test_design
176,32,additionality_test_design|evidence_pointer|jurisdiction_specific_context|regional_test_variants
176,34,tiered_rigor_by_claim
176,37,standardization_guidance
176,40,baseline_counterfactual_problem|coarse_granularity_feasibility|dispatch_based_methods_preferred|evidence_pointer
176,44,coarse_granularity_feasibility
176,46,align_with_existing_tools|coarse_granularity_feasibility
176,48,align_with_existing_tools|default_5050_weight
176,50,uncodeable
177,18,attribution_uncertainty|baseline_counterfactual_problem|comparability_loss|gaming_greenwashing_risk|inventory_vs_impact_boundary|standardization_guidance|verification_difficulty
177,20,formula_structurally_sound
177,22,secondary_effects_material|secondary_effects_unquantifiable
177,25,annual_truing_up
177,27,additionality_gatekeeping
177,29,additionality_test_design
177,32,comparability_loss|regional_test_variants|standardization_guidance
177,34,attribution_uncertainty|tiered_rigor_by_claim
177,37,attribution_uncertainty|dispatch_based_methods_preferred|model_validation_governance
177,40,baseline_counterfactual_problem|dispatch_based_methods_preferred|simplified_methods_misleading|standardization_guidance
177,41,perverse_incentives|standardization_guidance
177,44,align_with_existing_tools
177,46,align_with_existing_tools|hourly_locational_granularity
177,48,dynamic_lifecycle_weighting|model_validation_governance
177,51,dynamic_lifecycle_weighting
177,52,evidence_pointer|gaming_greenwashing_risk|model_validation_governance
178,18,additionality_stringency_chill|additionality_test_design
178,23,secondary_effects_unquantifiable
178,25,annual_truing_up
178,27,additionality_gatekeeping|additionality_test_design
179,18,additionality_stringency_chill|corrects_attributional_blindspots|evidence_pointer|integrate_with_scope2_recognition|investment_steering_dirty_grids|net_impact_completeness|real_world_impact_signal
179,20,evidence_pointer|net_impact_completeness|workstream_coordination
179,23,secondary_effects_unquantifiable
179,25,annual_truing_up|gaming_greenwashing_risk
179,27,additionality_gatekeeping|additionality_test_design|evidence_pointer|workstream_coordination
179,29,additionality_test_design
179,32,complexity_burden|standardization_guidance
179,37,dispatch_based_methods_preferred|evidence_pointer|hourly_locational_granularity|standardization_guidance
179,40,comparability_loss|dispatch_based_methods_preferred|evidence_pointer|standardization_guidance
179,44,evidence_pointer|hourly_locational_granularity
179,46,align_with_existing_tools|hourly_locational_granularity
179,48,align_with_existing_tools|default_5050_weight|evidence_pointer|model_validation_governance
179,50,align_with_existing_tools|evidence_pointer|model_validation_governance
180,18,complexity_burden|corrects_attributional_blindspots|incentive_erosion_procurement|inventory_vs_impact_boundary|real_world_impact_signal|standardization_guidance
181,20,net_impact_completeness
181,23,align_with_existing_tools|secondary_effects_unquantifiable
181,25,annual_truing_up
181,27,additionality_test_design|additionality_wrong_construct
181,29,additionality_test_design|additionality_wrong_construct
181,44,hourly_locational_granularity
181,46,hourly_locational_granularity
181,48,align_with_existing_tools|default_5050_weight|gaming_greenwashing_risk|standardization_guidance
181,50,comparability_loss|gaming_greenwashing_risk|perverse_incentives
182,18,complexity_burden|evidence_pointer|integrate_with_scope2_recognition|workstream_coordination
183,18,coarse_granularity_feasibility|complexity_burden|data_availability|double_counting_risk|incentive_erosion_procurement|investment_steering_dirty_grids|jurisdiction_specific_context|real_world_impact_signal
183,20,data_availability|formula_oversimplified|jurisdiction_specific_context
183,22,secondary_effects_material
183,25,incentive_erosion_procurement|jurisdiction_specific_context|lifetime_impact_view
183,27,additionality_gatekeeping
183,29,additionality_test_design|jurisdiction_specific_context|regional_test_variants
183,30,additionality_test_design
183,32,jurisdiction_specific_context|regional_test_variants
183,46,coarse_granularity_feasibility|jurisdiction_specific_context
183,52,evidence_pointer|jurisdiction_specific_context
184,18,additionality_test_design|additionality_wrong_construct|tiered_rigor_by_claim
184,22,net_impact_completeness|secondary_effects_material
184,23,secondary_effects_unquantifiable
184,25,annual_truing_up|baseline_counterfactual_problem
184,29,tiered_rigor_by_claim
184,37,standardization_guidance
184,46,coarse_granularity_feasibility|data_availability
185,18,corrects_attributional_blindspots|evidence_pointer|integrate_with_scope2_recognition|net_impact_completeness|real_world_impact_signal|workstream_coordination
185,20,net_impact_completeness|workstream_coordination
187,18,additionality_stringency_chill|corrects_attributional_blindspots|integrate_with_scope2_recognition|investment_steering_dirty_grids|net_impact_completeness|real_world_impact_signal|tiered_rigor_by_claim
187,20,evidence_pointer|net_impact_completeness|workstream_coordination
187,23,annual_truing_up|secondary_effects_unquantifiable|tiered_rigor_by_claim
187,25,annual_truing_up|tiered_rigor_by_claim
187,27,additionality_optionality|additionality_stringency_chill|additionality_test_design|workstream_coordination
187,29,additionality_test_design
187,34,tiered_rigor_by_claim
187,37,dispatch_based_methods_preferred|evidence_pointer|simplified_methods_misleading
187,40,baseline_counterfactual_problem|coarse_granularity_feasibility|dispatch_based_methods_preferred|evidence_pointer
187,44,evidence_pointer|workstream_coordination
187,46,evidence_pointer|hourly_locational_granularity|standardization_guidance|workstream_coordination
187,48,default_5050_weight
187,50,default_5050_weight
187,51,evidence_pointer
188,18,corrects_attributional_blindspots|integrate_with_scope2_recognition|inventory_vs_impact_boundary|investment_steering_dirty_grids|net_impact_completeness|real_world_impact_signal
188,20,evidence_pointer|integrate_with_scope2_recognition|net_impact_completeness|workstream_coordination
189,20,formula_oversimplified
189,22,lifetime_impact_view|secondary_effects_material
189,25,annual_truing_up
189,27,additionality_wrong_construct
189,30,additionality_test_design
189,32,additionality_wrong_construct
189,37,coarse_granularity_feasibility
189,44,coarse_granularity_feasibility
189,46,coarse_granularity_feasibility
190,18,align_with_existing_tools|comparability_loss|complexity_burden|gaming_greenwashing_risk|hourly_locational_granularity|real_world_impact_signal|standardization_guidance|verification_difficulty
190,20,additionality_gatekeeping|formula_structurally_sound|hourly_locational_granularity|net_impact_completeness
190,22,net_impact_completeness|secondary_effects_material
190,23,secondary_effects_material|tiered_rigor_by_claim
190,25,annual_truing_up|baseline_counterfactual_problem
190,29,additionality_test_design|gaming_greenwashing_risk
190,30,additionality_test_design|double_counting_risk|evidence_pointer|jurisdiction_specific_context
190,34,tiered_rigor_by_claim
190,37,evidence_pointer|simplified_methods_misleading
190,40,coarse_granularity_feasibility|evidence_pointer
190,41,evidence_pointer|model_validation_governance
190,42,evidence_pointer|tiered_rigor_by_claim
190,44,hourly_locational_granularity
190,46,hourly_locational_granularity
190,48,dynamic_lifecycle_weighting
190,52,dynamic_lifecycle_weighting|evidence_pointer
191,18,align_with_existing_tools|corrects_attributional_blindspots|integrate_with_scope2_recognition|inventory_vs_impact_boundary|real_world_impact_signal
191,20,corrects_attributional_blindspots|formula_structurally_sound|integrate_with_scope2_recognition|inventory_vs_impact_boundary
191,22,net_impact_completeness|secondary_effects_material
191,25,annual_truing_up|gaming_greenwashing_risk
191,27,additionality_gatekeeping|additionality_test_design|integrate_with_scope2_recognition|tiered_rigor_by_claim
191,29,additionality_test_design
191,30,additionality_test_design|investment_steering_dirty_grids
191,32,regional_test_variants
191,34,gaming_greenwashing_risk|tiered_rigor_by_claim
191,37,dispatch_based_methods_preferred|simplified_methods_misleading
191,40,baseline_counterfactual_problem|dispatch_based_methods_preferred
191,41,hourly_locational_granularity|standardization_guidance
191,42,hourly_locational_granularity
191,44,data_availability|hourly_locational_granularity
191,46,hourly_locational_granularity
191,48,dynamic_lifecycle_weighting
191,50,dynamic_lifecycle_weighting
191,51,dynamic_lifecycle_weighting
191,52,evidence_pointer
192,18,align_with_existing_tools|inventory_vs_impact_boundary|real_world_impact_signal|tiered_rigor_by_claim|workstream_coordination
192,20,standardization_guidance|tiered_rigor_by_claim
192,22,net_impact_completeness|secondary_effects_material|tiered_rigor_by_claim
192,25,annual_truing_up|lifetime_impact_view|tiered_rigor_by_claim
192,27,additionality_wrong_construct|align_with_existing_tools|attribution_uncertainty|tiered_rigor_by_claim
193,18,integrate_with_scope2_recognition|inventory_vs_impact_boundary
193,20,formula_structurally_sound|secondary_effects_material
193,22,secondary_effects_material
193,25,annual_truing_up|baseline_counterfactual_problem
193,27,additionality_gatekeeping|additionality_optionality|additionality_test_design
193,34,tiered_rigor_by_claim
193,44,data_availability
194,18,additionality_gatekeeping|align_with_existing_tools|comparability_loss|corrects_attributional_blindspots|data_availability|integrate_with_scope2_recognition|investment_steering_dirty_grids|net_impact_completeness|real_world_impact_signal|regional_equity|sme_equity|standardization_guidance
194,20,net_impact_completeness|standardization_guidance
194,23,secondary_effects_unquantifiable|standardization_guidance
194,25,annual_truing_up|gaming_greenwashing_risk
194,44,align_with_existing_tools|coarse_granularity_feasibility|hourly_locational_granularity
194,46,align_with_existing_tools|coarse_granularity_feasibility|hourly_locational_granularity|standardization_guidance
194,48,default_5050_weight
195,18,inventory_vs_impact_boundary|tiered_rigor_by_claim
196,18,corrects_attributional_blindspots|data_availability|evidence_pointer|hourly_locational_granularity|real_world_impact_signal
196,20,evidence_pointer|formula_structurally_sound|net_impact_completeness
196,22,secondary_effects_material
196,25,annual_truing_up|evidence_pointer|hourly_locational_granularity
196,27,uncodeable
196,37,dispatch_based_methods_preferred|evidence_pointer|hourly_locational_granularity|simplified_methods_misleading|standardization_guidance
196,40,dispatch_based_methods_preferred|evidence_pointer|simplified_methods_misleading
196,41,evidence_pointer|model_validation_governance
196,42,dynamic_lifecycle_weighting|evidence_pointer
196,44,evidence_pointer|hourly_locational_granularity
196,46,data_availability|evidence_pointer|hourly_locational_granularity
196,51,dynamic_lifecycle_weighting
196,52,evidence_pointer
197,18,additionality_gatekeeping|align_with_existing_tools|data_availability|gaming_greenwashing_risk|investment_steering_dirty_grids|net_impact_completeness|real_world_impact_signal|standardization_guidance
197,20,net_impact_completeness
197,23,secondary_effects_unquantifiable
197,25,annual_truing_up|gaming_greenwashing_risk
197,37,dispatch_based_methods_preferred|evidence_pointer|hourly_locational_granularity|standardization_guidance
197,40,comparability_loss|dispatch_based_methods_preferred|evidence_pointer
197,48,default_5050_weight
198,18,align_with_existing_tools|gaming_greenwashing_risk|inventory_vs_impact_boundary
198,20,align_with_existing_tools|double_counting_risk|gaming_greenwashing_risk|inventory_vs_impact_boundary
198,23,align_with_existing_tools|double_counting_risk|gaming_greenwashing_risk|inventory_vs_impact_boundary
198,25,align_with_existing_tools|double_counting_risk|inventory_vs_impact_boundary
198,27,additionality_gatekeeping|align_with_existing_tools|inventory_vs_impact_boundary
198,29,additionality_gatekeeping|align_with_existing_tools|inventory_vs_impact_boundary
198,30,uncodeable
198,37,inventory_vs_impact_boundary
198,40,inventory_vs_impact_boundary
198,41,inventory_vs_impact_boundary
198,42,inventory_vs_impact_boundary
199,18,baseline_counterfactual_problem|corrects_attributional_blindspots|incentive_erosion_procurement
200,18,corrects_attributional_blindspots|integrate_with_scope2_recognition|real_world_impact_signal
200,20,net_impact_completeness
201,18,inventory_vs_impact_boundary|real_world_impact_signal|verification_difficulty
201,20,formula_structurally_sound
201,22,secondary_effects_material
201,23,uncodeable
201,25,annual_truing_up|verification_difficulty
201,27,additionality_gatekeeping|additionality_optionality|align_with_existing_tools
201,29,additionality_test_design
201,30,additionality_test_design
201,32,uncodeable
201,34,uncodeable
201,37,dispatch_based_methods_preferred|standardization_guidance
201,40,dispatch_based_methods_preferred|simplified_methods_misleading
201,41,dynamic_lifecycle_weighting|model_validation_governance
201,42,standardization_guidance
201,44,hourly_locational_granularity|standardization_guidance
201,46,align_with_existing_tools|hourly_locational_granularity
201,48,align_with_existing_tools|dynamic_lifecycle_weighting
201,50,uncodeable
201,51,uncodeable
201,52,uncodeable
