respondent_id,add_stance,inc_stance,confidence,quote
16,mixed,support,medium,"This preserves a conservative Scope 2 while encouraging additionality through distinct, auditable supplemental impact disclosures"
17,support,na,high,"Unbundled certificates and short-term contracts should be excluded, as they provide no additionality or deliverability assurance."
19,oppose,na,high,The MBM’s purpose should remain to quantify emissions based on credible contractual instruments
35,na,support,low,"Hourly matching, deliverable market boundaries, Incrementality"
36,oppose,na,medium,it is not essential to demonstrate strict additionality relative to guarantees of origin
40,support,na,medium,companies be at least allowed to continue utilizing new non-local VPPAs and higher additionality REC strips during a transition period
50,support,support,high,An asset age limit could be considered as quality criteria for clean electricity claimed under scope 2 emissions reporting.
62,support,na,high,The protocol should accurately reflect whether renewable energy purchases result in additional generation. This means excluding subsidized or legacy EACs
72,support,na,medium,"ensuring that a meaningful share of corporate spending continues to support newer, additional capacity."
75,na,support,high,an incrementality standard (SSS or similar) are critical to ensuring Scope 2 accounting moves forward with transparency and credibility.
88,support,na,high,recommends the revised purpose explicitly emphasize causation and additionality as central concepts
95,support,na,medium,proposed hourly deliverability requirements remain blind to grid carbon intensity and lack consideration for additionality
97,neutral,na,low,"creates clearer price signals for periods and locations where additional clean capacity, storage, or demand response are most valuable"
98,support,support,high,"Incrementality standards guarantee that claimed clean electricity represents additional decarbonisation, rather than attributes already claimed"
103,support,na,medium,(vPPAs) deliver additionality by supporting new renewable generation that would not otherwise exist.
108,support,na,high,it’s important that guideposts like the Scope 2 Standard valorize this corporate action in order for it to continue to scale
111,neutral,na,medium,"the GHG Protocol could set out how different combinations of Quality Criteria support different objectives, e.g. use claims or additionality."
118,support,na,medium,"Rigid deliverability rules could shift procurement away from impactful long-term PPAs toward unbundled certificates, undermining additionality."
121,support,na,high,We strongly oppose deliverability and hourly matching requirements that ignore additionality.
130,support,na,high,"However, we would prefer to see consideration of additionality."
137,support,support,high,An asset age limit should be considered as quality criteria for renewable electricity claimed under scope 2 emissions reporting.
152,na,support,low,"Hourly matching, deliverable market boundaries, incrementality (SSS or other metric)"
157,support,na,medium,They would instead need to procure renewable energy through existing projects with little carbon abatement value
158,support,support,high,"Incrementality, or the incentive to drive new clean electricity onto the grid, is a key element of updates to scope 2 accounting standards."
165,na,support,low,"Hourly matching, deliverable market boundaries, incrementality (Standard Supply Service or other metric)"
174,na,support,high,incrementality standards such as SSS are essential to ensuring the future integrity of Scope 2 accounting.
178,support,na,medium,They would instead need to procure renewable energy through existing projects with little carbon abatement value
188,support,na,medium,We would be moving from being a company that causes new renewable energy to be built (additionality) to one that is merely buying compliance instruments
196,support,na,high,"Legacy clauses should only be available for credible contracts which guarantee additionality, specifically long-term, fixed-price PPAs."
211,na,support,low,"Hourly matching, deliverable market boundaries, incrementality (SSS or other metric)"
214,support,support,high,"exclude older or non-incremental projects from MBM crediting, such as projects more than 15 years old"
217,na,support,low,"Hourly matching, deliverable market boundaries, incrementality (SSS or other metric)"
219,na,support,medium,"incrementality (SSS or other metric) will make the scope 2 more integer, impactful, and feasible."
221,support,na,medium,Separate metric outside scope 2 with Dual Reporting lbm/mbm: Methodical integrity is ensured
222,na,support,medium,needs a third pillar that addresses incrementality.
226,support,na,high,MBM should continue to recognize credible contractual procurement and drive additional renewable deployment.
227,support,na,medium,is a key driver of renewable investment and additionality. Market-based claims provide the appropriate framework to reflect these investment signals
228,mixed,na,low,restrictive additionality criteria risk excluding legitimate PPAs that deliver real-world climate benefits.
229,support,na,medium,mandatory hourly matching does not incentivize additionality or new renewable capacity while significantly increasing complexity
233,support,na,medium,I believe the primary issue—the additionality of RECs—is not solved by hourly matching.
235,support,na,high,it’s important that guideposts like the Scope 2 Standard valorize this corporate action in order for it to continue to scale.
237,support,na,medium,"the GHG Protocol should not require this above other important forms of sourcing renewable electricity that focus on additionality, emissionality"
246,support,na,medium,"Prioritize ""additionality"" (building new assets) over ""granularity"" (hourly accounting)"
247,support,na,medium,"additionality is essential, and the current MBM framework does not include it."
248,support,support,high,The GHG Protocol should introduce an incrementality or additionality requirement
249,na,support,high,an incrementality standard (such as Standard Supply Service or a similar mechanism) are essential to ensuring Scope 2 accounting is transparent and credible
254,support,na,low,Verification and additionality: Instruments must be verifiable and not double‑counted; guidance should clarify how to demonstrate deliverability and avoid overstating impact.
255,support,na,medium,"implement a sourced renewable project age limitation, similar to the existing RE100 Technical Procurement Criteria"
266,support,na,high,"does not meaningfully address additionality, which is a critical driver of real-world emissions reductions"
275,support,support,high,"Incrementality, or the incentive to drive new clean electricity onto the grid, is a key element of updates to scope 2 accounting standards"
276,support,na,high,We also recommend prioritizing additionality in the MBM where possible
277,na,support,high,needs a third pillar that addresses incrementality
314,support,na,medium,implement a sourced renewable project age limitation
323,support,na,medium,"To avoid undermining additional renewable deployment, we recommend maintaining the physical definition as the core scope 2 boundary while allowing transparent reporting of VPPAs"
324,support,na,medium,lack consideration for additionality
325,support,support,high,an incrementality standard (SSS or similar) are critical to ensuring Scope 2 accounting moves forward with transparency and credibility
330,neutral,na,low,overlaps with high-additionality voluntary procurement may not be suitable for uniform allocation
337,support,support,high,"Incrementality, or the incentive to drive new clean electricity onto the grid, is a key element of updates to scope 2 accounting standards"
342,support,support,high,"Incrementality, or the incentive to drive new clean electricity onto the grid, is a key element of updates to scope 2 accounting standards"
345,support,na,medium,Maintain pathways that incentivise additional renewable build and high-impact investments
348,support,support,high,an incrementality standard (SSS or similar) are critical to ensuring Scope 2 accounting moves forward with transparency and credibility
359,support,na,medium,implement a sourced renewable project age limitation
364,support,na,high,"If temporal correlation and deliverability are required, additionality must also be required."
385,oppose,na,medium,"The ‘additionality’ requirement should not apply to inventory accounting, as this introduces complexity and unverifiable assumptions"
386,support,support,high,"Incrementality, or the incentive to drive new clean electricity onto the grid, is a key element of updates to scope 2 accounting standards"
387,support,support,high,"Incrementality, or the incentive to drive new clean electricity onto the grid, is a key element of updates to scope 2 accounting standards"
390,support,support,medium,SSS does not go far enough to act as any proxy for incrementality/additionality
392,support,na,low,rather than toward additional clean energy supply
397,mixed,mixed,high,"While those concepts are important for impact-oriented GHG reporting, they’re not fit for purpose within MB accounting."
399,neutral,support,high,needs a third pillar that addresses incrementality
402,neutral,oppose,high,Incrementality considerations would conflate the logic and goal of consequential accounting with market-based accounting.
404,support,na,medium,"A more workable approach would be to require greater transparency around additionality, grid impacts, and evidence of deliverability"
406,support,na,medium,effective tools to drive additional renewable capacity
414,support,na,medium,implement a sourced renewable project age limitation
421,support,support,high,"Incrementality, or the incentive to drive new clean electricity onto the grid, is a key element of updates to scope 2 accounting standards"
422,neutral,na,low,additional capacity-building would be necessary
432,mixed,na,medium,"It should not be positioned as a proxy for measuring system‑level impact, additionality, or the effectiveness of specific procurement strategies."
435,support,support,high,hourly and locational matching plus an incrementality requirement are all required together to drive the greatest impact
441,support,na,low,The added costs would likely outweigh the business case for additionality
444,support,na,medium,"Under current GHGP Scope 2 proposals, there is no guidance around additionality or new build assets."
445,support,na,medium,could limit their ability to contribute to the development of additional renewable capacity
449,mixed,mixed,medium,we do not agree that additionality is of itself critical in the definition of scope 2 emissions claims
452,support,na,medium,"if additionality can be demonstrated, reductions can be recognized as Scope 2 reductions even without physical connection"
461,support,na,medium,it is valuable if Scope 2 MBM provides an incentive for companies to make long-term commitments to accelerate clean energy deployment
462,support,na,high,Support a sector‑agnostic AMI using marginal emission rates and additionality tests with transparent methods and assurance.
468,support,na,low,Forcing these two areas to align would likely hinder the emergence of additional renewable energy capacity.
479,support,na,high,"The MBM’s integrity can be strengthened more effectively by focusing on additionality-linked measures (e.g., asset age limits and credible long-term procurement)"
481,support,na,medium,is a key driver of renewable investment and additionality
484,support,na,medium,could weaken a critical driver for renewable deployment and reduce corporate ability to support additionality
486,na,support,high,an incrementality standard (SSS or similar) are critical to ensuring Scope 2 accounting moves forward with transparency and credibility
492,support,na,medium,higher-emission systems where voluntary action can deliver greater additionality
496,support,na,high,Our approach prioritizes additionality and targets higher-emissions grids
498,support,support,high,An asset age limit could be considered as quality criteria for clean electricity claimed under scope 2 emissions reporting.
503,support,na,medium,It is highly problematic for an accounting standard if two materially different companies are able to report the same number.
504,na,support,medium,needs a third pillar that addresses incrementality.
505,na,neutral,low,"may, in certain contexts, hinder global carbon abatement goals by increasing cost while delivering limited incremental emissions reductions."
510,support,na,low,"but most importantly, will have no impact on additionality."
516,na,support,high,an incrementality standard (SSS or similar) are critical to ensuring Scope 2 accounting moves forward with transparency and credibility.
517,support,support,high,"exclude older or non-incremental projects from MBM crediting, such as projects more than 15 years old"
523,support,support,high,Additionality or incrementality must be a criteria in reporting in order to drive new renewable energy
524,support,support,high,a stronger incrementality requirement should be developed in place of Standard Supply Service that would drive even greater additionality.
526,support,na,medium,"hourly matching does not solve the main criticism in some markets of the current market-based method, related to the additionality and impact of procurement decisions."
527,support,na,medium,is a good measure to stimulate local impact and additionality.
539,support,na,high,"implement a sourced renewable project age limitation, similar to the existing RE100 Technical Procurement Criteria"
540,support,na,medium,presence or absence of decision-making or additionality by off-takers.
541,support,na,medium,"without accounting for companies’ additionality, could hinder the promotion of renewable energy deployment."
544,support,na,medium,This could make highly additional projects harder to realize and slow renewable deployment.
547,neutral,na,low,We understand that the GHG protocol view temporal and spatial parameters as proxies for additionality and integrity. These are good ambitions
550,support,na,medium,we will reconsider our ambitious renewable electricity strategy as additionality will be removed
555,mixed,oppose,medium,"the 'additionality' requirement, which should not apply to inventory accounting."
559,support,support,high,"emissions impact needs to be explicitly targeted, either through complementary additionality criteria within Scope 2 or through a separate emissions impact metric."
563,na,support,high,an incrementality standard (SSS or similar) are critical to ensuring Scope 2 accounting moves forward with transparency and credibility.
565,support,na,medium,is a key driver of renewable investment and additionality. Market-based claims provide the appropriate framework to reflect these investment signals
576,mixed,mixed,medium,It is important that the GHGP not allow the SSS to be used to imply that the Inventory Method has consequential elements or intentions.
587,support,na,high,"incentivizes corporate buyers to shift away from PPAs towards unbundled EACs, thereby reducing additionality and impact."
590,support,na,medium,could weaken a critical driver for renewable deployment and reduce corporate ability to support additionality.
593,support,support,high,This research supports the requirement of NEW resources in addition to hourly/deliverable matching
594,support,support,high,An asset age limit could be considered as quality criteria for clean electricity claimed under scope 2 emissions reporting.
597,support,na,high,"additionality or quality criteria should be defined for EACs (e.g., RE100)."
598,support,na,medium,We would also like to see deeper consideration of additionality.
603,support,na,high,"implement a sourced renewable project age limitation, similar to the existing RE100 Technical Procurement Criteria."
605,support,na,high,The protocol should accurately reflect whether renewable energy purchases result in additional generation. This means excluding subsidized or legacy EACs
613,support,na,medium,is a key driver of renewable investment and additionality. Market-based claims provide the appropriate framework to reflect these investment signals
620,support,na,low,"will not be able to access a sufficient pipeline of new, additional renewable electricity generation projects."
630,mixed,na,high,"While additionality is important, it is subjective and problematic to include in a robust accounting framework."
634,support,support,medium,Each of these actions can support incremental clean energy generation.
635,oppose,na,high,The SSS guidance should not introduce any additionality requirements.
643,support,na,medium,"rather than maximising additional clean energy generation or emissions impact, resulting in higher cost per tonne of emissions abated."
644,support,support,medium,applying a clear approach to incrementality (such as SSS or an equivalent) are all necessary steps
646,support,na,high,"unbundled, short-term spot market purchases to cover specific hourly deficits, which are widely recognized as having lower additionality."
647,support,support,low,The incremental cost of hourly matching vs annual matching is many times greater than the incremental green generation
648,support,na,medium,agreements that have led to the creation of new additional clean energy generation represent a much more credible contract
649,na,support,medium,"often underpin real, incremental renewable capacity additions."
651,support,na,medium,Hourly matching as proposed will not drive impact because it is attributional and lacks additionality criteria
654,support,na,low,It would make the financing of additional renewable generation more difficult
656,support,na,medium,is absolutely foundational to clean energy markets and facilitates additionality
665,support,na,medium,the RET would effectively encourage new generation into the market (addressing the additionality problem
669,support,na,medium,failing to contribute to a meaningful increase in renewable energy capacity (Additionality)
671,support,na,medium,"Narrow market boundaries risk restricting investment in regions with significant renewable energy potential and lower cost, thereby hindering the development of projects with high additionality"
677,na,support,high,An asset age limit could be considered as quality criteria for clean electricity claimed under scope 2 emissions reporting.
680,support,na,medium,This could make highly additional projects harder to realize and slow renewable deployment.
687,support,na,medium,The guidelines should incorporate consequential additionality accounting to encourage off-takers invest in projects that will have the greatest impact
688,support,na,low,be forced to either pursue multi-party aggregations or shift to (non-additional) spot market purchases.
690,mixed,na,medium,"enables separate, side-by-side reporting of the inventory (Scope 2) and impacts outside the inventory (e.g., avoided emissions and additionality)"
692,support,na,high,"implement a sourced renewable project age limitation, similar to the existing RE100 Technical Procurement Criteria"
695,oppose,na,medium,"whether “additionality” (as referenced, for example, in RE100 guidance) is maintained over time should not be determined through this GHG Protocol revision process"
697,oppose,na,medium,"I understand the concept of additionality of renewable energy well, but I would like to see consideration given to the actual conditions of the facilities"
698,oppose,na,high,"appropriately focus on measuring the current status of emissions, without introducing additional considerations such as additionality based on age of the asset"
701,na,support,high,an incrementality standard (SSS or similar) are critical to ensuring Scope 2 accounting moves forward with transparency and credibility
705,support,na,medium,"Broader market boundaries could enable procurement from regions with lower-cost renewable energy generation, thereby supporting additionality"
708,support,na,high,We also encourage the technical working group to consider additionality requirements to avoid a reliance on certificates linked to old clean energy
710,support,na,medium,A revised protocol shall be supportive to accelerate additional generation capacity for renewable electricity and not hamper the development thereof
726,support,support,high,"Incrementality, or the incentive to drive new clean electricity onto the grid, is a key element of updates to scope 2 accounting standards."
727,support,na,medium,"implement a sourced renewable project age limitation, similar to the existing RE100 Technical Procurement Criteria"
728,support,na,medium,the increase in generation sources with additionality has created time periods where renewable energy alone can meet regional demand
730,support,na,medium,"This reduces voluntary demand, causing the market to shrink and significantly undermining the principle of Additionality."
731,na,support,high,"GHG Protocol should consider simpler mechanisms to introduce incrementality if SSS is not adopted, such as a facility age limit"
732,support,support,high,"Incrementality, or the incentive to drive new clean electricity onto the grid, is a key element of updates to scope 2 accounting standards."
733,support,na,medium,preserve the role of contracts in driving additional renewable capacity and electrification
738,oppose,na,medium,"The ‘additionality’ requirement should not apply to inventory accounting, as this introduces complexity and unverifiable assumptions"
746,support,na,medium,Funds currently earmarked for adding new renewable capacity (additionality) would be diverted to paying administrative premiums
747,support,na,medium,"larger, long-term renewable energy agreements that deliver meaningful additionality"
749,support,na,high,it is absolutely essential that the action being taken to reduce emissions elsewhere is evaluated with a strict additionality test.
756,neutral,na,low,"Investors often focus on whether companies meet targets based on easily understandable market-based criteria (e.g., additionality of renewables, certificate quality)"
757,support,support,high,a clear alternative incrementality pillar must be designed and defined in the new methodology before to the SSS is fully implemented.
759,support,na,medium,"Recommend a minimum original term (e.g., ≥5–10 years) to align with investment additionality."
763,support,na,medium,"Long-term mechanisms should be supported, to ensure companies continue investing in long-term solutions that bring additionality."
778,na,support,high,an incrementality standard (SSS or similar) are critical to ensuring Scope 2 accounting moves forward with transparency and credibility
780,mixed,mixed,high,project additionality should be incentivized through the AMI calculator rather than the MBM.
787,support,na,medium,"the role of ensuring certificate quality—particularly with respect to temporal correlation, deliverability, and additionality—becomes increasingly important."
790,support,na,low,allowing companies to credibly demonstrate additionality and newness.
792,neutral,na,low,"Since additionality assessment relies on market standards, changes in decision-making are unlikely."
801,mixed,na,high,Any additionality-related claims should be treated as separate from Scope 2 inventories
806,support,na,high,We therefore strongly recommend that additionality should be used as a criterion whether an EAC can be used in the MBM
813,neutral,na,low,While this would seem to promote additional renewable deployment it will only promote the deployment of baseload technologies
814,support,na,low,where additional capacity would displace more fossil-based electricity
821,support,na,high,hourly matching without an additionality requirement will not actually have the integrity outcomes that are intended
822,support,na,medium,"hourly matching does not solve the main criticism in some markets of the current market-based method, related to the additionality and impact of procurement decisions."
823,support,na,medium,it is valuable if Scope 2 MBM provides an incentive for companies to make long-term commitments to accelerate clean energy deployment.
824,support,na,medium,"the proposal does not adequately address additionality aspects, such as the age or incremental impact of renewable generation."
842,support,na,high,without delivering true additionality or investment signals
843,support,na,medium,allowing companies to credibly demonstrate additionality and new procurement
845,support,na,high,Standardised additionality recognition Explicitly recognise the climate impact of long-term renewable contracts that enable new capacity
847,na,support,low,increasing cost while delivering limited incremental emissions reductions
853,support,na,medium,"long-term PPAs, which are essential for enabling additional projects on the grid"
854,na,support,high,Incrementality (SSS or other metric) - Integrity increased as it ensures those claiming green generation are not doing so by inflating
856,support,na,high,We also see additionality as a missing criteria in this draft guidance.
870,support,support,medium,"a revised framework that prioritizes additionality and demonstrates that procurement decisions result in measurable, incremental emissions reductions"
874,support,na,high,"If temporal correlation and deliverability are required, additionality must also be required."
875,support,na,medium,"adopting an impact metric with multiple achievement paths (such as 24/7 matching, emissionality"
877,support,na,medium,"shifting procurement from impactful long-term PPAs to short-term unbundled certificates, undermining additionality and market stability"
881,support,na,high,This would diminish the climate impact of their actions by significantly reducing the additionality of their renewable energy use
883,support,na,medium,companies complying with the GHGP could more easily participate in markets where the additionality of renewable energy is most needed
885,mixed,na,high,separate space for consequential impact metrics allows organizations to demonstrate the system-level benefits of their intervention (such as demand response or new project additionality)
886,na,support,low,mandatory hourly matching does not necessarily deliver incremental emissions reductions
887,na,support,high,"must have a third pillar that addresses incrementality which, if intended, is not addressed by Standard Supply Service (SSS)."
888,support,na,medium,"We have some concern that the proposed updates don't address additionality, which is one of the ""Three Pillars"""
889,na,support,high,"Incrementality is one of the essential three pillars for achieving this goal, along with deliverability and hourly matching."
896,support,na,medium,The definition should explicitly require 'offset-grade' standards for impact—specifically additionality and causal emissions reduction
904,support,oppose,medium,The SSS guidance should refrain from including any additional incrementality considerations.
907,support,na,medium,"stranding projects, and reducing additional build of carbon emissions-free projects"
910,support,na,high,grandfathering existing additionality and legacy contracts is a prerequisite for maintaining the financial ecosystem necessary to build new projects
916,na,oppose,high,avoid introducing additional requirements—such as incrementality considerations—that would be difficult to apply in a regulated service context
918,support,na,medium,"stranding projects, and reducing additional build of carbon emissions-free projects"
920,support,na,medium,"It may make long ter PPAs less attractive to operators compared to to short‑term unbundled certificates, undermining additionality."
921,support,na,medium,Hourly matching does not guarantee additionality.
930,support,na,low,Focusing on connecting renewable projects with the actual grid impact will foster real and additional projects coming to market.
931,neutral,na,low,"When a grid has a low contribution of renewable electricity, the additionality requirement is easy to meet"
932,support,support,high,a stronger incrementality requirement should be developed in place of or on top of Standard Supply Service that would drive even greater additionality
935,support,na,high,contracts executed after the Publication Date but before the Implementation Date should meet an “additionality” requirement
936,support,support,high,an incrementality standard (SSS or similar) are critical to ensuring Scope 2 accounting moves forward with transparency and credibility
937,support,na,high,The lack of an additionality framework within the MBM removes both the biggest incentive to contract new projects
939,support,na,medium,undermining the most proven tools for additionality
941,support,na,high,Financed actual renewable project construction (genuine additionality)
947,support,na,medium,an outcome that reduces additionality and slows progress toward broader grid decarbonization
951,support,na,medium,"long-term PPAs, which have been instrumental in enabling additional renewable capacity and driving emissions reductions across Europe"
953,support,na,high,The guidelines should incorporate consequential additionality accounting to encourage off-takers investing in projects that will have the greatest impact
958,support,na,medium,"limits organizations’ ability to source large, long term, impactful clean energy contracts that contribute to additionality"
959,support,na,medium,PPAs have become a critical driver of spurring additional deployment
962,support,na,medium,"enhanced integrity of Energy Attribute Certificates (EACs) through clear rules on project identification, validity periods, and additionality"
968,support,support,high,the Scope 2 Guidance should recognize and value corporate actions that catalyze new clean energy supply
973,support,na,medium,"limits organizations’ ability to sign larger, long term, more impactful clean energy contracts that contribute to additionality"
977,support,support,high,"Incrementality, or the incentive to drive new clean electricity onto the grid"
978,support,na,medium,preserves the flexibility necessary for organizations to drive additionality
979,na,support,medium,"Hourly matching, deliverable market boundaries, incrementality (SSS or other metric). All these would set up proper incentives"
983,support,support,high,An asset age limit could be considered as quality criteria for clean electricity claimed under scope 2 emissions reporting.
987,na,oppose,high,The SSS guidance should refrain from including any additional incrementality considerations.
988,na,support,medium,A pathway that uses hourly matching and deliverable market boundaries to improve the impact of voluntary markets needs a third pillar that addresses incrementality.
989,support,support,medium,"market-based accounting should instead leverage strict, purpose-built additionality requirements to distinguish between passive beneficiaries of existing infrastructure and active participants"
992,support,na,high,further consideration of layered additionality requirements as procurement expands over time.
993,support,na,medium,must be careful not to disincentivize current project and investment pipelines that are broadly contributing to additional renewable generation.
996,support,na,medium,the Protocol should review whether additionality should be added as a requirement
997,mixed,na,medium,"Scope 2 is designed to ensure comparability, consistency, and claim integrity, not to quantify avoided emissions, which depend on marginal generation, congestion, interties, and additionality."
1002,support,na,high,"Additionality should be a requirement, and the geographic boundary should be kept at grid interconnection level."
1011,support,na,medium,"Clear definitions are needed to ensure that renewable energy procurement with additionality, such as PPA is not included in SSS."
1017,support,na,medium,Maintaining the existing definition supports continued flexibility for organizations to pursue additionality and voluntary emission reduction objectives
1022,support,support,high,an incrementality standard (SSS or similar) are critical to ensuring Scope 2 accounting moves forward with transparency and credibility.
1023,support,support,high,An asset age limit could be considered as quality criteria for clean electricity claimed under scope 2 emissions reporting.
1025,support,na,medium,GHG Protocol must ensure that the MBM prioritises real-world mitigation over technical precision. The method must stay practical and focus on adding new renewable capacity
1026,mixed,oppose,medium,"we are concerned that SSS will be used to make consequential claims (e.g. ""Incrementality"") within an attributional method."
1027,mixed,na,medium,"real emissions impact depends on additionality and system response, which cannot be fully captured through inventory accounting alone and may require complementary impact-oriented analysis."
1030,support,na,high,"The structured market-based method, in combination with hourly matching and additionality requirements, thus ensures alignment between abatement incentives"
1035,support,na,low,"incentivizing storage, flexibility solutions, and additional renewable capacity beyond what's needed for annual matching."
1042,support,na,high,"MBM should be improved through stronger quality criteria (e.g., additionality, robust EACs standards, clear time/geography rules)"
1050,support,support,high,"While strongly support the need to tackle additionality in the MBM, we would support an alternative way of doing so: an asset age limit"
1055,support,na,high,I do not agree with not having an additionality requirement.
1056,support,oppose,high,Incrementality considerations would conflate the logic and goal of consequential accounting with market-based accounting.
1060,support,na,medium,local hourly matching yields meaningful emission reductions only when matching levels are extremely high and when paired with an additionality requirement
1063,support,na,medium,This will discourage new renewable energy projects that provide additionality to the grid
1071,support,na,medium,"pushing buyers toward short-term spot EACs, stranding projects, and reducing additional build of carbon emissions-free projects."
1083,support,na,medium,the purchase of unbundled RECs as the means to meet decarbonization targets at the expense of changes in real behavior that create additionality
1085,support,na,medium,Prior research on modeling the system impacts of these criteria has shown that although additionality (iii) is essential
1086,support,na,low,"the purchase of unbundled RECs purchased from existing, profitable, often already ratepayer funded or subsidized facilities is widely considered inconsequential because they are not additional."
1088,support,na,medium,Maintaining the current definition preserves the flexibility necessary for organizations to drive additionality
1089,support,na,medium,resulting in additional generation sources that might not have otherwise been available
1090,support,na,medium,"If a company wishes to claim additionality / emissions reductions from a procurement decision (e.g. EACs, green tariffs, PPAs), this should be reported separately"
1097,support,na,medium,PPAs have become a critical driver of spurring additional deployment
1099,support,na,high,"tightening EAC quality criteria (project identification, within month validity windows, and minimum additionality where feasible)"
1110,neutral,na,low,congestion is more helpful for evaluating the physical deliverability of new generation
1119,na,neutral,low,annual and hourly matching deliver similar incremental clean generation and emissions reductions per MWh of clean energy
1121,support,na,medium,It is also important to prevent stranding of legacy PPA assets that provided genuine financial additionality
1123,support,na,medium,This could impede the development of projects with high additionality and act to suppress the overall volume of renewable energy investment.
1126,support,na,medium,"if those RECs are from a 20-year-old hydro plant with no additionality, their Statement 3 impact is likely near zero."
1130,mixed,mixed,medium,"Where organizations wish to report impacts (e.g., incrementality/additionality, avoided emissions), those should be handled through a separate, auditable impact reporting framework."
1136,support,na,high,"specify a maximum sourced project age from installation or re-commissioning, demonstrably contributing towards additionality without any additional accounting or complexity."
1137,neutral,na,low,Compliance would force corporate consumers to invest heavily in additional building management systems
1140,neutral,na,low,"which don’t even appear in the Scope 2 standard. As a result, we do not believe that a new, aggressive accounting standard is necessarily required"
1160,support,na,medium,"we recommend that the GHG Protocol prioritises the integrity, transparency, and additionality of market instruments over strict physical deliverability."
1168,na,support,medium,A pathway that uses hourly matching and deliverable market boundaries to improve the impact of voluntary markets needs a third pillar that addresses incrementality.
