respondent_id,sss,age,confidence,quote
16,none,none,medium,
17,none,none,high,
35,none,none,high,
40,none,none,high,
50,prefers_other,considered,medium,An asset age limit could be considered as quality criteria for clean electricity claimed under scope 2 emissions reporting.
62,none,none,high,
72,oppose,required,medium,we do not support the SSS concept because it is not operationally feasible under real-world conditions.
75,prefers_other,considered,medium,Vintage requirements in which certain resources could be automatically qualified as SSS based on asset age
88,none,considered,low,70% of our renewable procurement is from pre-COD projects
95,none,none,high,
98,none,none,high,
103,none,none,high,
108,none,none,high,
118,none,none,high,
121,none,none,high,
130,none,none,high,
137,prefers_other,considered,medium,An asset age limit should be considered as quality criteria for renewable electricity claimed under scope 2 emissions reporting.
152,supports,none,high,incrementality (SSS or other metric)
157,none,none,high,
158,prefers_other,considered,medium,An asset age limit could be considered as quality criteria for clean electricity claimed under scope 2 emissions reporting.
165,supports,none,high,incrementality (Standard Supply Service or other metric)
174,supports,considered,medium,incrementality standards such as SSS are essential
178,none,none,high,
188,none,none,medium,
196,none,none,high,
211,supports,none,high,"Hourly matching, deliverable market boundaries, incrementality"
214,oppose,required,low,"exclude older or non-incremental projects from MBM crediting, such as projects more than 15 years old unless covered by a long-term contract signed before COD"
217,supports,none,high,incrementality (SSS or other metric)
219,supports,none,high,"(SSS or other metric) will make the scope 2 more integer, impactful, and feasible."
221,none,none,high,
222,none,none,high,
226,none,none,high,
227,none,none,high,
229,oppose,none,medium,The concept of Standard Supply Service creates more confusion than transparency.
233,none,none,medium,
235,none,none,high,
237,none,none,high,
246,none,none,high,
247,none,none,high,
248,none,none,medium,
249,supports,none,high,an incrementality standard (such as Standard Supply Service or a similar mechanism) are essential
254,none,none,medium,
255,oppose,required,medium,A simpler approach to accelerate decarbonization of grids would be to implement a sourced renewable project age limitation
266,none,none,high,
275,prefers_other,considered,medium,An asset age limit could be considered as quality criteria for clean electricity claimed under scope 2 emissions reporting.
276,none,none,high,
277,none,none,high,
314,oppose,required,medium,A simpler approach to accelerate decarbonization of grids would be to implement a sourced renewable project age limitation
323,none,none,high,
324,none,none,high,
325,supports,considered,medium,an incrementality standard (SSS or similar) are critical to ensuring Scope 2 accounting moves forward with transparency and credibility.
337,prefers_other,considered,medium,An asset age limit could be considered as quality criteria for clean electricity claimed under scope 2 emissions reporting.
342,supports,considered,medium,An asset age limit could help reduce inconsistency and improve
345,none,none,high,
348,supports,considered,medium,"it would be highly appropriate to implement a vintage requirement, in which certain resources could be automatically qualified as SSS based on asset age"
359,none,required,medium,A simpler approach to accelerate decarbonization of grids would be to implement a sourced renewable project age limitation
364,none,none,high,
386,prefers_other,considered,medium,an incrementality standard (SSS or similar) are critical to ensuring Scope 2 accounting moves forward
387,prefers_other,considered,medium,an incrementality standard (SSS or similar) are critical to ensuring Scope 2 accounting moves forward
390,prefers_other,none,high,SSS does not go far enough to act as any proxy for incrementality/additionality
392,none,none,high,
399,none,considered,medium,"disclosures that a contract was long-term and material to financing or life extension of a project, or met a reasonable vintage test."
404,none,considered,low,Buyers could provide disclosures such as: (i) whether a contract supports new-build renewable capacity
406,none,none,high,
414,none,required,high,"implement a sourced renewable project age limitation, similar to the existing RE100 Technical Procurement Criteria"
421,prefers_other,considered,medium,an incrementality standard (SSS or similar) are critical to ensuring Scope 2 accounting moves forward
435,supports,considered,medium,Standard Supply Service proposal is a way of accurately apportioning clean electricity already on the grid and driving incentives of new clean electricity
441,none,none,medium,
444,none,none,medium,
445,none,none,high,
452,none,none,high,
461,none,considered,medium,"introduce optional ""Impact Qualifications."" This approach would allow corporate buyers to explicitly disclose when their procurement supports new build additionality"
462,oppose,none,medium,"If GHGP retains SSS at all, it must be highly constrained and based only on audited public-service mandates."
468,none,none,high,
479,none,required,medium,"prioritising integrity and impact through additionality-oriented rules (e.g., project age limits"
481,oppose,none,high,No. SSS should not be allocated in the first place.
484,none,none,high,
486,supports,none,medium,an incrementality standard (SSS or similar) are critical to ensuring Scope 2 accounting moves forward
492,none,none,high,
496,none,none,high,
498,prefers_other,considered,medium,an incrementality standard (SSS or similar) are critical to ensuring Scope 2 accounting moves forward
503,none,none,high,
504,none,none,high,
510,oppose,considered,low,we do not support the SSS concept presented in this consultation
516,supports,none,medium,an incrementality standard (SSS or similar) are critical to ensuring Scope 2 accounting moves forward
517,oppose,considered,medium,met a reasonable vintage test
523,supports,required,medium,The accounting framework should implement an asset age limit or vintage cutoff to ensure that only additional renewables are counted.
524,prefers_other,required,high,a stronger incrementality requirement should be developed in place of Standard Supply Service
526,none,none,high,
527,none,none,medium,
539,oppose,required,medium,A simpler approach to accelerate decarbonization of grids would be to implement a sourced renewable project age limitation
540,none,none,medium,
541,oppose,none,low,we consider the introduction of the new guidance for Standard Supply Service to be premature at the present time.
544,none,none,medium,
550,none,none,high,
559,none,none,medium,
563,supports,none,medium,an incrementality standard (SSS or similar) are critical to ensuring Scope 2 accounting moves forward
565,none,none,high,
587,none,none,high,
590,none,none,medium,
593,prefers_other,required,high,SSS should NOT be considered a proxy for additionality/incrementality following the three pillars research. This research supports the requirement of NEW resources
594,prefers_other,considered,medium,an incrementality standard (SSS or similar) are critical to ensuring Scope 2 accounting moves forward
597,none,considered,low,"additionality or quality criteria should be defined for EACs (e.g., RE100)."
598,none,none,medium,
603,none,required,medium,A simpler approach to accelerate decarbonization of grids would be to implement a sourced renewable project age limitation
605,none,none,high,
613,none,none,high,
620,none,none,high,
634,supports,considered,medium,The GHGP could also consider an asset age limitation for voluntary claims for geographies where SSS allocation is not possible
643,none,none,high,
644,supports,none,high,applying a clear approach to incrementality (such as SSS or an equivalent) are all necessary steps
646,none,none,high,
647,none,none,high,
648,supports,none,medium,"companies that want to make a credible claim of decarbonising their power, would need to invest in storage or additional clean generation"
649,none,none,high,
651,none,considered,medium,"material to financing or life extension of a project, or met a reasonable vintage test. This approach preserves integrity, rewards procurement that expands supply"
654,none,none,high,
656,none,none,high,
665,none,none,medium,
669,oppose,none,high,We believe SSS must not be introduced to GHG protocol.
671,none,none,medium,
677,prefers_other,considered,medium,"A strengthened incrementality standard, including stronger SSS rules inclusive of asset age cutoffs, would further improve the integrity and impact of the proposed changes."
680,none,none,medium,
687,none,none,high,
688,none,none,high,
692,none,required,medium,A simpler approach to accelerate decarbonization of grids would be to implement a sourced renewable project age limitation
701,supports,none,high,an incrementality standard (SSS or similar) are critical to ensuring Scope 2 accounting moves forward with transparency and credibility
705,none,none,high,
708,none,none,high,
710,none,none,high,
726,prefers_other,considered,low,an incrementality standard (SSS or similar) are critical to ensuring Scope 2 accounting moves forward with transparency and credibility
727,none,required,medium,A simpler approach to accelerate decarbonization of grids would be to implement a sourced renewable project age limitation
728,none,none,high,
730,oppose,none,medium,The SSS mandate creates a 'crowding-out effect' on the voluntary market.
731,supports,considered,high,SSS creates a meaningful 'incrementality' proxy that increases the impact associated with MBM emissions reductions while maintaining GHG inventory completeness.
732,prefers_other,considered,medium,we think it is critical to have an alternative incrementality pillar definition to be in force before the SSS can be fully implemented
733,none,none,high,
746,none,none,medium,
747,none,none,high,
749,none,none,high,
757,prefers_other,considered,medium,we consider that a clear alternative incrementality pillar must be designed and defined in the new methodology before to the SSS is fully implemented
759,none,none,high,
763,oppose,none,high,Do not support the SSS criteria in general
778,supports,none,high,an incrementality standard (SSS or similar) are critical to ensuring Scope 2 accounting moves forward with transparency and credibility
787,none,none,high,
790,none,oppose,medium,requirements such as project age limits could disadvantage companies participating in initiatives like RE100
806,none,none,high,
814,none,none,high,
821,none,none,high,
822,none,none,high,
823,none,considered,low,"introduce optional ""Impact Qualifications."" This approach would allow corporate buyers to explicitly disclose when their procurement supports new build additionality"
824,none,none,high,
842,oppose,none,medium,The SSS approach creates undue complexity without boosting transparency.
843,none,none,medium,
845,none,none,high,
847,none,none,high,
853,none,none,high,
854,supports,none,medium,Incrementality (SSS or other metric)
856,none,none,high,
870,none,none,high,
874,none,none,low,
875,none,none,high,
877,none,none,high,
881,none,none,high,
883,none,none,high,
886,none,none,high,
887,prefers_other,none,high,"must have a third pillar that addresses incrementality which, if intended, is not addressed by Standard Supply Service (SSS)"
888,none,none,high,
889,prefers_other,none,medium,I think a possible solution is to establish a dedicated incrementality pillar definition
896,none,none,high,
907,none,none,high,
910,none,none,high,
918,none,none,high,
920,none,none,high,
921,none,none,high,
930,none,none,high,
932,prefers_other,considered,high,"a disclosure of what amount of procurement is from ""incremental"" resources (i.e. those that would pass an asset age test) should be required at a minimum"
935,none,none,medium,
936,supports,none,high,an incrementality standard (SSS or similar) are critical
937,none,none,high,
939,none,none,high,
941,none,none,high,
947,none,none,high,
951,none,none,medium,
953,none,none,high,
958,none,none,low,
959,none,none,high,
962,none,none,high,
968,none,none,high,
973,none,considered,low,"Different matching approaches (hourly, locational, new-build, or impact-based) each serve distinct objectives"
977,prefers_other,considered,medium,An asset age limit could be considered as quality criteria for clean electricity claimed under scope 2 emissions reporting.
978,none,none,high,
979,supports,none,high,incrementality (SSS or other metric)
983,prefers_other,considered,medium,An asset age limit could be considered as quality criteria for clean electricity claimed under scope 2 emissions reporting.
988,none,none,high,
989,prefers_other,none,high,"the Standard Supply Service (SSS) is not a proxy for additionality, and it reduces potential impact."
992,supports,considered,medium,limiting asset availability for expanded procurement on the basis of vintage
993,none,none,high,
996,none,none,medium,
1002,none,none,high,
1011,none,none,medium,
1017,none,none,high,
1022,supports,considered,medium,an incrementality standard (SSS or similar) are critical
1023,prefers_other,considered,medium,An asset age limit could be considered as quality criteria for clean electricity claimed under scope 2 emissions reporting.
1025,none,none,medium,
1030,none,none,high,
1035,none,none,medium,
1042,none,considered,low,whether procurement is new-build/ additional
1050,prefers_other,considered,medium,an incrementality standard (SSS or even better: an asset age limit)
1055,none,none,high,
1060,oppose,none,high,SSS should not be included in market‑based reporting frameworks.
1063,none,none,high,
1071,none,none,high,
1083,none,none,high,
1085,none,none,high,
1086,supports,none,medium,The standard supply service provision in the proposed attributional standard echoes the regulatory test in the additionality provision
1088,none,none,high,
1089,none,none,high,
1090,oppose,none,medium,EVA is highly skeptical of the SSS and does not support it
1097,none,none,high,
1099,none,none,high,
1121,none,none,low,
1123,oppose,none,high,the introduction of SSS is not supported.
1126,none,none,medium,
1136,none,required,high,"implement a sourced renewable project age limitation for REC’s, similar to the existing RE100 Technical Procurement Criteria"
1160,none,none,high,
1168,none,none,high,
