respondent_id,codes
14,other
16,data_access_argument|sme_equity_argument
17,other
31,data_access_argument|sme_equity_argument
38,cost_argument|feasibility_argument
39,data_access_argument|feasibility_argument|no_evidence_assertion
40,cost_argument|data_access_argument|feasibility_argument|no_evidence_assertion
45,cost_argument|data_access_argument|feasibility_argument|no_evidence_assertion
47,no_evidence_assertion|sme_equity_argument
62,feasibility_argument|sme_equity_argument
71,cost_argument|data_access_argument|no_evidence_assertion
74,cost_argument|data_access_argument|feasibility_argument|sme_equity_argument
77,cost_argument|no_evidence_assertion
82,anecdote_only|feasibility_argument|sme_equity_argument
83,cost_argument|data_access_argument|feasibility_argument|no_evidence_assertion
94,no_evidence_assertion
95,data_access_argument|sme_equity_argument
97,cost_argument|data_access_argument|feasibility_argument|sme_equity_argument
105,other
120,cost_argument|data_access_argument|feasibility_argument|no_evidence_assertion
124,cost_argument|data_access_argument|feasibility_argument
127,data_access_argument|feasibility_argument
130,other
131,other
133,cost_argument|feasibility_argument|no_evidence_assertion
138,feasibility_argument
139,no_evidence_assertion
141,cost_argument|data_access_argument|feasibility_argument
143,feasibility_argument|sme_equity_argument
144,feasibility_argument
146,cites_own_data|cost_argument|data_access_argument|feasibility_argument|sme_equity_argument
148,cost_argument|sme_equity_argument
153,no_evidence_assertion
159,no_evidence_assertion
160,cost_argument|data_access_argument|feasibility_argument
161,no_evidence_assertion
169,anecdote_only|cost_argument|feasibility_argument|sme_equity_argument
173,data_access_argument|no_evidence_assertion
181,cites_study|feasibility_argument|sme_equity_argument
187,cost_argument|data_access_argument|feasibility_argument|sme_equity_argument
188,cost_argument|data_access_argument|feasibility_argument|sme_equity_argument
202,feasibility_argument|sme_equity_argument
221,cites_own_data|data_access_argument|feasibility_argument
225,data_access_argument|feasibility_argument
226,data_access_argument|feasibility_argument
228,cost_argument|data_access_argument|feasibility_argument|sme_equity_argument
229,cost_argument|data_access_argument|feasibility_argument
230,cost_argument|no_evidence_assertion
246,cost_argument|data_access_argument|feasibility_argument
251,other
253,cost_argument|data_access_argument|feasibility_argument|sme_equity_argument
255,feasibility_argument|other
256,data_access_argument|feasibility_argument|no_evidence_assertion
265,cost_argument|feasibility_argument|sme_equity_argument
272,data_access_argument|feasibility_argument
273,other
276,data_access_argument|feasibility_argument|sme_equity_argument
297,other
300,no_evidence_assertion
314,feasibility_argument|other
320,cost_argument|data_access_argument|feasibility_argument|sme_equity_argument
321,cites_study|feasibility_argument|sme_equity_argument
323,cost_argument|data_access_argument|feasibility_argument
327,cost_argument|data_access_argument|feasibility_argument
328,cost_argument|data_access_argument|feasibility_argument
334,cost_argument|feasibility_argument|sme_equity_argument
335,no_evidence_assertion
340,cost_argument|data_access_argument|feasibility_argument
343,no_evidence_assertion
344,feasibility_argument|no_evidence_assertion
345,cost_argument|data_access_argument|feasibility_argument
349,cost_argument|feasibility_argument|sme_equity_argument
351,cost_argument|feasibility_argument|sme_equity_argument
352,data_access_argument|sme_equity_argument
357,cost_argument|data_access_argument|feasibility_argument|sme_equity_argument
359,feasibility_argument|other
360,cost_argument|feasibility_argument|sme_equity_argument
375,cost_argument|feasibility_argument|sme_equity_argument
376,cost_argument|data_access_argument|feasibility_argument|sme_equity_argument
378,cost_argument|feasibility_argument|sme_equity_argument
381,anecdote_only|feasibility_argument
384,cost_argument|data_access_argument|feasibility_argument|sme_equity_argument
385,cites_study|feasibility_argument|sme_equity_argument
396,cost_argument|feasibility_argument|no_evidence_assertion
404,cost_argument|data_access_argument|feasibility_argument|sme_equity_argument
405,cost_argument|data_access_argument|feasibility_argument|sme_equity_argument
406,cost_argument|feasibility_argument
408,cost_argument|feasibility_argument|sme_equity_argument
409,cost_argument|feasibility_argument|sme_equity_argument
411,cost_argument|feasibility_argument
412,cost_argument|feasibility_argument|sme_equity_argument
414,feasibility_argument|other
420,data_access_argument|feasibility_argument
424,feasibility_argument|other
425,cites_study|feasibility_argument|sme_equity_argument
432,cost_argument|data_access_argument|feasibility_argument|sme_equity_argument
434,no_evidence_assertion
436,cost_argument|feasibility_argument
439,data_access_argument|sme_equity_argument
440,cost_argument|data_access_argument|feasibility_argument
441,cost_argument|data_access_argument|feasibility_argument
443,no_evidence_assertion
445,cost_argument|data_access_argument|feasibility_argument|sme_equity_argument
453,feasibility_argument|sme_equity_argument
454,cost_argument|feasibility_argument
461,cites_study|cost_argument|data_access_argument|feasibility_argument|sme_equity_argument
462,cost_argument|data_access_argument|feasibility_argument
464,cost_argument|data_access_argument|feasibility_argument|no_evidence_assertion
475,cost_argument|data_access_argument
478,cost_argument|data_access_argument|feasibility_argument|sme_equity_argument
479,data_access_argument
481,cites_study|feasibility_argument|sme_equity_argument
485,cost_argument|data_access_argument|feasibility_argument|sme_equity_argument
489,no_evidence_assertion|other
492,data_access_argument|feasibility_argument|sme_equity_argument
499,no_evidence_assertion
500,cost_argument|feasibility_argument
505,cites_own_data|cost_argument|data_access_argument|feasibility_argument
507,other
513,cost_argument|data_access_argument|feasibility_argument|sme_equity_argument
522,other
527,no_evidence_assertion|sme_equity_argument
529,feasibility_argument
539,feasibility_argument|other
540,cost_argument|data_access_argument|feasibility_argument|sme_equity_argument
544,anecdote_only|no_evidence_assertion
547,data_access_argument|feasibility_argument
557,cost_argument|data_access_argument|feasibility_argument|sme_equity_argument
560,data_access_argument|feasibility_argument|no_evidence_assertion
562,anecdote_only|cost_argument|data_access_argument|feasibility_argument|sme_equity_argument
564,feasibility_argument|sme_equity_argument
569,feasibility_argument|no_evidence_assertion
575,sme_equity_argument
576,cites_study|cost_argument|data_access_argument|feasibility_argument
577,cost_argument|feasibility_argument|sme_equity_argument
586,feasibility_argument
587,data_access_argument|feasibility_argument|sme_equity_argument
589,data_access_argument
590,cost_argument|data_access_argument|feasibility_argument|sme_equity_argument
596,feasibility_argument|sme_equity_argument
597,feasibility_argument|sme_equity_argument
598,no_evidence_assertion
599,cites_own_data|cost_argument|data_access_argument|feasibility_argument
603,feasibility_argument|other
612,no_evidence_assertion|other
614,no_evidence_assertion|sme_equity_argument
620,cost_argument|data_access_argument|feasibility_argument|sme_equity_argument
621,other
622,cost_argument|data_access_argument|feasibility_argument|sme_equity_argument
624,cost_argument|feasibility_argument|no_evidence_assertion
629,data_access_argument|feasibility_argument
633,cost_argument|data_access_argument|feasibility_argument|sme_equity_argument
634,cost_argument|feasibility_argument|sme_equity_argument
636,cost_argument|feasibility_argument
638,cost_argument|feasibility_argument
643,cost_argument|data_access_argument|feasibility_argument|sme_equity_argument
649,cost_argument|data_access_argument|sme_equity_argument
650,data_access_argument|no_evidence_assertion
657,cost_argument|feasibility_argument
658,cites_study|feasibility_argument|sme_equity_argument
659,anecdote_only|data_access_argument|feasibility_argument
662,cost_argument|data_access_argument|feasibility_argument
663,cost_argument|data_access_argument|feasibility_argument
665,cost_argument|data_access_argument|no_evidence_assertion
669,cost_argument|data_access_argument|feasibility_argument|no_evidence_assertion
680,anecdote_only|no_evidence_assertion
682,cost_argument|data_access_argument|feasibility_argument
688,other
689,cost_argument|data_access_argument|no_evidence_assertion
693,cost_argument|feasibility_argument|sme_equity_argument
696,cost_argument|data_access_argument|feasibility_argument
706,cost_argument|feasibility_argument|other
710,other
713,cost_argument|data_access_argument|feasibility_argument|sme_equity_argument
716,cost_argument|data_access_argument|feasibility_argument|sme_equity_argument
721,cost_argument|data_access_argument|feasibility_argument
727,feasibility_argument|other
731,no_evidence_assertion|sme_equity_argument
739,cost_argument|data_access_argument|no_evidence_assertion
742,cost_argument|feasibility_argument|sme_equity_argument
744,cites_study|feasibility_argument|sme_equity_argument
747,feasibility_argument|other
753,anecdote_only|feasibility_argument
754,data_access_argument|feasibility_argument
761,cost_argument|data_access_argument|feasibility_argument
762,cost_argument|data_access_argument|feasibility_argument
763,anecdote_only|data_access_argument|feasibility_argument
770,no_evidence_assertion|sme_equity_argument
773,cost_argument|data_access_argument|feasibility_argument|sme_equity_argument
775,cost_argument|feasibility_argument|no_evidence_assertion
777,cost_argument|data_access_argument|feasibility_argument
779,cites_own_data|cost_argument|other|sme_equity_argument
787,cost_argument|data_access_argument|feasibility_argument|sme_equity_argument
788,cost_argument|data_access_argument|feasibility_argument
790,cost_argument|data_access_argument|feasibility_argument|sme_equity_argument
793,data_access_argument|feasibility_argument|sme_equity_argument
794,cost_argument|feasibility_argument|sme_equity_argument
799,other
805,cost_argument|data_access_argument|no_evidence_assertion
808,cites_study|cost_argument|data_access_argument|feasibility_argument|sme_equity_argument
813,no_evidence_assertion
814,cost_argument|data_access_argument|feasibility_argument|no_evidence_assertion
815,cost_argument|data_access_argument|feasibility_argument|no_evidence_assertion
819,cost_argument|data_access_argument|feasibility_argument|sme_equity_argument
821,cites_own_data|cost_argument|data_access_argument|feasibility_argument
823,cites_study|cost_argument|data_access_argument|feasibility_argument|sme_equity_argument
824,data_access_argument|feasibility_argument|sme_equity_argument
825,cost_argument|feasibility_argument|sme_equity_argument
835,cost_argument|data_access_argument|feasibility_argument|sme_equity_argument
836,cost_argument|data_access_argument|feasibility_argument
846,data_access_argument|feasibility_argument
847,cites_own_data|cost_argument|data_access_argument|feasibility_argument
849,cost_argument|data_access_argument|no_evidence_assertion
851,anecdote_only|feasibility_argument|sme_equity_argument
857,cost_argument|feasibility_argument
858,cost_argument|data_access_argument|feasibility_argument|sme_equity_argument
861,cost_argument|feasibility_argument|sme_equity_argument
862,cost_argument|data_access_argument|feasibility_argument|sme_equity_argument
869,no_evidence_assertion
870,data_access_argument|feasibility_argument
875,cost_argument|data_access_argument|sme_equity_argument
881,anecdote_only|data_access_argument|sme_equity_argument
882,cost_argument|data_access_argument|feasibility_argument|sme_equity_argument
884,cost_argument|data_access_argument|feasibility_argument
885,cost_argument|data_access_argument|feasibility_argument|sme_equity_argument
892,feasibility_argument|sme_equity_argument
897,cost_argument|feasibility_argument|no_evidence_assertion
901,feasibility_argument|no_evidence_assertion
907,cites_study|cost_argument|feasibility_argument|sme_equity_argument
908,anecdote_only|cost_argument|data_access_argument|feasibility_argument
909,feasibility_argument|no_evidence_assertion
911,no_evidence_assertion
915,cost_argument|feasibility_argument|sme_equity_argument
920,feasibility_argument
921,anecdote_only|cost_argument|feasibility_argument|sme_equity_argument
931,cost_argument|data_access_argument|feasibility_argument|sme_equity_argument
940,data_access_argument|feasibility_argument|no_evidence_assertion
946,cost_argument|data_access_argument|feasibility_argument|no_evidence_assertion
954,cost_argument|data_access_argument|feasibility_argument|sme_equity_argument
958,other
959,cites_study|feasibility_argument
960,sme_equity_argument
964,cost_argument|data_access_argument|feasibility_argument|other
969,feasibility_argument|other
971,cost_argument|data_access_argument|feasibility_argument|sme_equity_argument
972,cost_argument|feasibility_argument
973,feasibility_argument|other
974,cost_argument|data_access_argument|feasibility_argument
976,data_access_argument|feasibility_argument
978,cites_own_data|cites_study|cost_argument
979,cost_argument|feasibility_argument|no_evidence_assertion
980,cost_argument|data_access_argument|feasibility_argument
982,no_evidence_assertion|other
994,cost_argument|data_access_argument|feasibility_argument|sme_equity_argument
995,data_access_argument|feasibility_argument|sme_equity_argument
996,cost_argument|data_access_argument|feasibility_argument
997,cost_argument|data_access_argument|feasibility_argument|sme_equity_argument
998,cost_argument|data_access_argument|feasibility_argument|sme_equity_argument
1003,cost_argument|data_access_argument|feasibility_argument
1004,anecdote_only|cost_argument|data_access_argument|feasibility_argument
1009,cost_argument|feasibility_argument
1012,cost_argument|feasibility_argument
1014,feasibility_argument
1016,other
1019,data_access_argument|feasibility_argument|sme_equity_argument
1025,cost_argument|feasibility_argument|sme_equity_argument
1026,feasibility_argument
1027,cost_argument|data_access_argument|feasibility_argument|sme_equity_argument
1032,cost_argument|feasibility_argument
1040,cites_study|feasibility_argument|sme_equity_argument
1041,feasibility_argument|no_evidence_assertion
1044,no_evidence_assertion
1047,cost_argument|data_access_argument|feasibility_argument|sme_equity_argument
1051,cost_argument|feasibility_argument
1054,cost_argument|feasibility_argument
1059,no_evidence_assertion
1060,cites_study|feasibility_argument|sme_equity_argument
1078,cost_argument|no_evidence_assertion|sme_equity_argument
1087,cost_argument|feasibility_argument|no_evidence_assertion
1088,cites_own_data|cost_argument
1089,cost_argument|data_access_argument|feasibility_argument|sme_equity_argument
1099,cost_argument|data_access_argument|feasibility_argument|sme_equity_argument
1105,cost_argument|data_access_argument|feasibility_argument|sme_equity_argument
1106,data_access_argument|feasibility_argument|sme_equity_argument
1117,feasibility_argument|no_evidence_assertion
1118,cost_argument|data_access_argument|feasibility_argument
1124,anecdote_only|cost_argument|data_access_argument
1125,cost_argument|data_access_argument|feasibility_argument|sme_equity_argument
1126,no_evidence_assertion|sme_equity_argument
1130,data_access_argument|feasibility_argument
1134,no_evidence_assertion
1136,feasibility_argument|other
1143,no_evidence_assertion
1147,cost_argument|data_access_argument|feasibility_argument|sme_equity_argument
1151,feasibility_argument|sme_equity_argument
1158,cost_argument|data_access_argument|feasibility_argument|other
1163,anecdote_only|data_access_argument|feasibility_argument
