respondent_id,is_template_response,n_shared_texts,entity_group,bloc,vector_cluster_id,mbm_anchor_vector,has_citation,n_citation_answers,n_urls,domains,evidence_empirical,evidence_operational,evidence_general_only,readiness_basis
5,0,0,,,,-44----,1,1,0,,0,0,0,
14,0,0,,,,555242-,1,1,1,renewabl.com,0,1,0,operator_vendor_commitments
15,0,0,,,,-------,0,0,0,,0,0,0,
16,0,0,,,,5555-44,0,0,0,,0,1,0,professional_judgment
17,0,0,,,,1241-11,0,0,0,,0,0,0,professional_judgment
19,0,0,,,,-------,0,0,0,,0,0,0,
22,0,0,,,,5333225,0,0,0,,1,0,0,operator_vendor_commitments
25,0,0,,,,35311--,0,0,0,,0,0,0,
27,0,0,,,,55554--,1,1,1,doi.org,0,0,0,
29,0,0,,,,4444442,0,0,0,,0,0,0,
30,0,0,,,,-------,0,0,0,,0,0,0,
31,0,0,,,,1531355,0,0,0,,0,0,0,professional_judgment
35,0,0,,,,55-5555,0,0,0,,0,0,0,
36,0,0,,,,-------,0,0,0,,0,0,0,
38,0,0,,,,11---55,0,0,0,,0,0,0,
39,0,0,,,,54---5-,0,0,0,,0,0,0,
40,0,0,,,,1152255,1,1,1,aseanenergy.org,0,0,0,operator_vendor_commitments
41,0,0,,,,4455555,0,0,0,,0,0,0,
43,0,0,,,,1----5-,0,0,0,,0,0,0,
44,0,0,,,,5------,0,0,0,,0,0,0,
45,0,0,,,,2551553,1,2,3,co2emissiefactoren.nl,0,0,1,
47,0,0,,,,1155555,0,0,0,,0,0,0,
50,1,12,,pro_hourly,,5545544,1,5,11,arxiv.org|cell.com|electricitymaps.com|linkedin.com|nrdc.org|pnas.org|sciencedirect.com|theclimategroup.org|transitionzero.org|zenodo.org,0,0,0,
52,0,0,,,,12---55,0,0,0,,0,0,0,
53,0,0,,,,-3-343-,0,0,0,,0,0,1,professional_judgment
54,0,0,,,,55-----,1,2,2,ssrn.com,0,0,0,
55,0,0,,,,44-3455,0,0,0,,0,1,0,professional_judgment
56,0,0,,,,11---15,0,0,0,,0,0,0,
60,0,0,,,,1133145,0,0,0,,0,0,1,
62,0,0,,,,1135455,0,0,0,,1,1,0,public_roadmap_docs
63,1,2,,,,-------,0,0,0,,0,0,0,
64,0,0,,,,1------,0,0,0,,0,0,0,
65,0,0,deloitte,,,2455454,1,1,1,gov.ae,0,0,1,other_specify
67,0,0,,,,4455444,1,1,1,iso-ne.com,0,0,1,
68,0,0,,,,-------,0,0,0,,0,0,0,
69,0,0,,,,-------,0,0,0,,0,0,0,
70,0,0,,,,24344--,0,0,0,,0,0,0,
71,0,0,,,,3333345,0,0,0,,0,0,0,
72,0,0,,,,111--55,0,0,0,,0,1,0,
73,0,0,,,,1413355,0,0,0,,0,0,0,
74,1,9,,,,11-4-55,0,0,0,,0,0,0,
75,0,0,action_speaks_louder,,,5545554,1,1,1,iea.org,0,0,0,
76,0,0,,,,3233355,0,0,0,,0,0,1,
77,0,0,,,,333554-,0,0,0,,0,0,1,professional_judgment
79,0,0,,,,23-----,0,0,0,,0,0,0,
80,0,0,,,,-------,1,1,1,doi.org,0,0,0,
82,0,0,,,,22---5-,0,0,0,,0,0,0,
83,0,0,,,,2232245,0,0,0,,0,0,0,professional_judgment
86,0,0,,,,-----2-,0,0,0,,0,0,0,
87,0,0,,,,11---5-,0,0,0,,0,0,1,
88,0,0,,,,4455355,0,0,0,,0,1,0,
89,0,0,,,,3----3-,0,0,0,,0,0,0,
90,0,0,,,,5555544,0,0,0,,0,0,0,
91,0,0,,,,11---5-,0,0,0,,0,0,0,
92,0,0,,,,3222222,0,0,0,,0,0,0,professional_judgment
93,0,0,,,,5544444,0,0,0,,0,0,0,
94,0,0,,,,5555555,0,0,0,,1,1,0,operator_vendor_commitments
95,0,0,,,,11---4-,1,1,2,energypeacepartners.com|squarespace.com,0,0,0,
96,0,0,,,,-------,0,0,0,,0,0,0,
97,0,0,,,,4444344,0,0,0,,0,0,1,professional_judgment
98,0,0,,,,55-5544,1,3,16,actuaries.org.uk|cell.com|europa.eu|federalregister.gov|iea.org|neso.energy|sciencedirect.com|transitionzero.org|trec.org.tw|windows.net,0,0,0,
99,0,0,,,,44-433-,0,0,0,,0,0,0,
100,0,0,,,,1111335,0,0,0,,0,0,1,
102,0,0,,,,2444445,0,0,0,,0,0,1,professional_judgment
103,0,0,,,,2244355,0,0,0,,0,0,1,professional_judgment
104,0,0,,,,-------,0,0,0,,0,0,0,
105,0,0,,,,55-5521,0,0,0,,1,1,0,pilot_production_use
108,1,5,,,,1154355,0,0,0,,0,0,1,professional_judgment
109,0,0,,,,434--44,0,0,0,,0,0,0,
110,0,0,,,,4444433,0,0,0,,0,0,0,
111,0,0,,,,11-4235,0,0,0,,0,0,0,
112,0,0,,,,145545-,0,0,0,,0,0,1,
113,0,0,,,,4555434,0,0,0,,0,0,0,professional_judgment
114,0,0,,,,5444-24,1,1,2,doi.org|sciencedirect.com,0,0,0,
115,0,0,,,,11351-5,0,0,0,,0,0,0,professional_judgment
117,0,0,,,,24----5,0,0,0,,0,0,0,
118,0,0,,,,1225215,0,0,0,,0,0,0,
120,0,0,,,,1131155,0,0,0,,0,0,0,professional_judgment
121,1,4,,,,11---55,0,0,0,,0,0,0,
122,0,0,,,,4434344,0,0,0,,0,1,0,professional_judgment
123,0,0,,,,-------,0,0,0,,0,0,0,
124,0,0,,,,5544444,0,0,0,,1,1,0,public_roadmap_docs
125,0,0,,,,-----5-,0,0,0,,0,0,0,
127,1,6,,,,1111115,0,0,0,,0,0,0,
128,0,0,,,,11155--,0,0,0,,0,0,0,
129,0,0,,,,2254515,0,0,0,,0,0,0,professional_judgment
130,0,0,,,,5544512,0,0,0,,0,0,1,other_specify
131,0,0,,,,3--3-55,0,0,0,,0,0,0,
132,0,0,,,,11---54,0,0,0,,0,0,0,
133,0,0,,,,1351155,0,0,0,,0,1,0,professional_judgment
134,0,0,,,,-------,0,0,0,,0,0,0,
135,0,0,,,,14-3---,0,0,0,,0,0,0,public_roadmap_docs
136,0,0,,,,1213235,0,0,0,,0,1,0,operator_vendor_commitments
137,1,1,,,,5545543,1,7,29,arxiv.org|cell.com|electricitymaps.com|energytag.org|europa.eu|federalregister.gov|iea.org|leveltenenergy.com|linkedin.com|matched.energy|neso.energy|nrdc.org|nrel.gov|pnas.org|resource-solutions.org|sciencedirect.com|scopetrue.org|ssrn.com|theclimategroup.org|transitionzero.org|trec.org.tw|zenodo.org,0,0,0,
138,0,0,,,,1555155,1,1,1,eia.gov,0,1,0,professional_judgment
139,0,0,,,,1543124,0,0,0,,0,0,0,
140,0,0,,,,2----55,0,0,0,,0,0,0,
141,0,0,,,,-523355,0,0,0,,0,0,0,professional_judgment
142,0,0,,,,111-155,0,0,0,,0,0,0,
143,0,0,,,,1233155,0,0,0,,0,0,1,professional_judgment
144,0,0,,,,1455155,0,0,0,,0,0,1,professional_judgment
145,0,0,,,,113--31,0,0,0,,0,0,0,
146,0,0,,,,11---45,0,0,0,,0,0,1,
147,0,0,,,,--33---,0,0,0,,0,0,0,
148,0,0,,,,2314232,0,0,0,,0,0,1,professional_judgment
149,0,0,,,,-----2-,0,0,0,,0,0,0,
150,0,0,,,,-----2-,0,0,0,,0,0,0,
151,1,2,,,,2334245,0,0,0,,0,0,0,professional_judgment
152,0,0,,,,55-5544,0,0,0,,0,0,0,
153,0,0,,,,4222222,0,0,0,,0,0,0,public_roadmap_docs
154,0,0,,,,2----55,0,0,0,,0,0,0,
155,0,0,,,,1----5-,0,0,0,,0,0,0,
156,0,0,,,,1242412,0,0,0,,0,0,0,professional_judgment
157,1,3,,,,11---55,0,0,0,,0,0,0,
158,1,20,,pro_hourly,vc05,5545544,1,7,30,cell.com|energytag.org|europa.eu|federalregister.gov|iea.org|leveltenenergy.com|matched.energy|neso.energy|nrel.gov|resource-solutions.org|sciencedirect.com|scopetrue.org|ssrn.com|theclimategroup.org|transitionzero.org|trec.org.tw|zenodo.org,0,0,0,
159,0,0,,,,5535-53,0,0,0,,0,0,1,
160,0,0,,,,1111111,0,0,0,,0,1,0,professional_judgment
161,0,0,,,,3333333,0,0,0,,0,0,0,public_roadmap_docs
164,0,0,,,,12--155,0,0,0,,0,0,0,
165,0,0,,,,55-5554,0,0,0,,0,0,0,
166,0,0,,,,111---5,0,0,0,,0,0,0,
168,0,0,,,,1133344,0,0,0,,0,0,0,professional_judgment
169,0,0,,,,1142115,0,0,0,,0,0,0,professional_judgment
170,0,0,,,,111--31,0,0,0,,0,0,0,
171,0,0,,,,3------,0,0,0,,0,0,0,
172,0,0,,,,34-----,0,0,0,,0,0,0,
173,0,1,,,,2444444,0,0,0,,0,0,0,public_roadmap_docs
174,0,0,,pro_hourly,,5545544,1,5,12,cell.com|europa.eu|iea.org|leveltenenergy.com|neso.energy|sciencedirect.com|scopetrue.org|ssrn.com|transitionzero.org|zenodo.org,0,0,0,
175,0,0,,,,-----1-,0,0,0,,0,0,0,
176,0,0,,,,-------,0,0,0,,0,0,0,
177,0,3,,,,11----5,0,0,0,,0,0,0,
178,1,2,,,,11---55,0,0,0,,0,0,0,
180,0,0,,,,-----1-,0,0,0,,0,0,0,
181,1,11,,euro_certificate,,111--55,0,0,0,,0,0,1,
182,0,0,,,,444----,0,0,0,,0,0,0,
183,0,0,,,,11355--,1,1,1,epa.gov,0,0,0,professional_judgment
184,0,0,,,,-------,0,0,0,,0,0,0,
186,0,0,,,,5435555,0,0,0,,0,1,0,
187,0,0,,,,4444444,0,0,0,,0,0,1,professional_judgment
188,0,0,,,,1245345,0,0,0,,0,1,0,
190,0,0,,,,1133211,0,0,0,,0,0,0,other_specify
191,0,0,,,,1------,0,0,0,,0,0,0,
192,0,0,,,,111----,0,0,0,,0,0,0,
194,0,0,,,,11-2155,0,0,0,,0,0,0,professional_judgment
195,0,0,,,,1----5-,0,0,0,,0,0,0,
196,0,0,action_speaks_louder,,,5555542,0,0,0,,0,0,0,
198,0,0,,,,11-3155,0,0,0,,0,0,0,
200,0,0,,,,11----5,0,0,0,,0,0,0,
201,0,0,,,,5545535,0,0,0,,0,0,0,
202,0,0,,,,12--155,0,0,0,,0,0,0,
203,0,0,,,,11----5,0,0,0,,0,0,0,
205,0,0,,,,11-2235,0,0,0,,0,1,0,
206,0,0,,,,4354345,0,0,0,,0,0,1,professional_judgment
207,0,0,,,,1-----4,0,0,0,,0,0,0,
208,0,0,,,,22---45,0,0,0,,0,0,0,
209,0,0,,,,-4---55,0,0,0,,0,0,0,
211,0,0,,,,55-5533,0,0,0,,0,0,0,
212,0,0,,,,44---45,0,0,0,,0,0,0,professional_judgment
213,0,0,,,,11---55,0,0,0,,0,0,0,
214,1,11,,,,1125255,1,12,28,acore.org|brookfield.com|cebuyers.org|cell.com|entergy.com|ghginstitute.org|ghgprotocol.org|orrick.com|resource-solutions.org|scopetrue.org|ssrn.com|tcr-us.com|wsimg.com|zerogrid.org,0,0,0,
215,0,0,,,,5555555,0,0,0,,0,0,0,
217,0,0,,,,55-5555,0,0,0,,0,0,0,
218,0,0,,,,144--5-,0,0,0,,0,0,0,
219,0,0,,,,55-5555,0,0,0,,0,0,0,
220,0,0,,,,1111111,0,0,0,,0,0,1,
221,0,0,,,,3244344,0,0,0,,0,1,0,other_specify
222,1,2,,,,112--55,0,0,0,,0,0,0,
223,0,0,,,,11---55,0,0,0,,0,0,0,
224,0,0,,,,12---55,0,0,0,,0,0,0,
225,0,0,,,,1144555,1,1,1,resource-solutions.org,0,0,0,professional_judgment
226,0,0,,,,1434355,0,0,0,,0,0,1,public_roadmap_docs
227,0,0,,,,11-54-5,0,0,0,,0,0,0,
228,0,0,,,,1131415,0,0,0,,1,1,0,professional_judgment
229,0,0,,,,141--35,0,0,0,,0,0,0,
230,0,0,,,,3144435,1,1,2,carbonintensity.org.uk|smartgriddashboard.com,0,0,0,
231,0,0,,,,23553--,0,0,0,,0,0,0,
232,0,0,,,,-------,0,0,0,,0,0,0,
233,0,0,,,,3232255,0,0,0,,0,0,0,
234,0,0,,,,-------,0,0,0,,0,0,0,
235,1,6,,,,11---55,0,0,0,,0,0,0,
236,0,0,,,,4444444,0,0,0,,0,0,0,professional_judgment
237,0,0,,,,1143-35,1,1,1,3degreesinc.com,0,0,0,
238,0,0,,,,24-3-45,0,0,0,,0,0,0,
239,0,0,,,,12-----,0,0,0,,0,0,0,
242,0,0,,,,2233--5,0,0,0,,0,0,0,
243,1,21,,eiga_siga,vc12,1-251-5,0,0,0,,0,0,0,
244,0,0,,,,11155--,0,0,0,,0,0,0,
246,0,0,,,,1232155,0,0,0,,0,0,1,professional_judgment
247,0,0,,,,44-----,0,0,0,,0,0,0,
248,0,0,edinburgh,,,--2----,1,3,4,ed.ac.uk|sciencedirect.com|tandfonline.com,0,0,0,
249,1,1,,,,44-4444,0,0,0,,0,0,0,
250,0,0,,,,13----5,0,0,0,,0,0,0,
251,0,0,,,vc07,1143125,0,0,0,,0,0,0,
252,0,0,,,,13----5,0,0,0,,0,0,0,
253,0,0,,,,4444344,1,1,0,,0,1,0,professional_judgment
254,0,0,,,,-551431,1,1,0,,1,1,0,
255,1,44,,korea,vc08,1111115,0,0,0,,0,0,0,professional_judgment
256,0,0,,,,1344255,0,0,0,,0,0,1,pilot_production_use
257,0,0,,,vc09,1113155,0,0,0,,0,0,0,other_specify
258,0,1,,,,15-3355,0,0,0,,0,0,0,
259,0,0,,,,223--55,0,0,0,,0,0,0,
260,1,18,,eiga_siga,vc12,1-251-5,0,0,0,,0,0,0,
261,0,0,,,,-------,0,0,0,,0,0,0,
262,0,1,,,,1-----5,0,0,0,,0,0,0,
263,0,0,,,,-------,0,0,0,,0,0,0,
264,0,0,,,,1333335,0,0,0,,0,0,0,
265,1,15,,,,11-----,1,1,0,,0,0,0,
266,0,0,,,,11---55,0,0,0,,0,0,0,
268,0,0,,,,55-4453,0,0,0,,0,0,1,
269,0,0,,,,22-4355,0,0,0,,0,0,0,
270,0,0,,,,4554215,0,0,0,,0,0,0,
271,0,0,,,,3434444,0,0,0,,0,0,1,
272,0,0,,,,554554-,0,0,0,,0,0,1,
273,0,0,,,,11-----,0,0,0,,0,0,0,
274,0,0,,,,11---55,0,0,0,,0,0,0,
275,1,20,,,,5545-44,1,8,35,arxiv.org|cell.com|electricitymaps.com|energytag.org|europa.eu|federalregister.gov|iea.org|leveltenenergy.com|linkedin.com|matched.energy|neso.energy|nrdc.org|nrel.gov|pnas.org|resource-solutions.org|sciencedirect.com|scopetrue.org|ssrn.com|theclimategroup.org|transitionzero.org|trec.org.tw|zenodo.org,0,0,0,
276,0,0,,,,5555444,1,1,1,electricitymaps.com,0,0,0,operator_vendor_commitments
277,1,2,,,,111--55,0,0,0,,0,0,0,
278,1,1,,,,11---55,0,0,0,,0,0,0,
279,1,1,luxshare,luxshare,,11---55,0,0,0,,0,0,0,
280,1,1,,,,11---55,0,0,0,,0,0,0,
281,0,1,,,,11---55,0,0,0,,0,0,0,
282,0,0,,,,11---55,0,0,0,,0,0,0,
283,0,1,,,,11---55,0,0,0,,0,0,0,
284,1,1,luxshare,luxshare,,11---55,0,0,0,,0,0,0,
285,1,1,luxshare,luxshare,,11---55,0,0,0,,0,0,0,
286,1,1,,,,11---55,0,0,0,,0,0,0,
287,0,0,luxshare,luxshare,,11---55,0,0,0,,0,0,0,
288,1,1,,,,11---55,0,0,0,,0,0,0,
289,0,0,,,,212---4,0,0,0,,0,0,0,
290,1,1,,,,11---55,0,0,0,,0,0,0,
291,1,1,,,,11---55,0,0,0,,0,0,0,
292,0,0,,,,11---11,0,0,0,,0,0,0,
293,0,0,,,,11---55,0,0,0,,0,0,0,
294,1,1,,,,11---55,0,0,0,,0,0,0,
295,0,0,,,,11---55,0,0,0,,0,0,0,
296,1,1,,,,11---55,0,0,0,,0,0,0,
297,0,0,,,,111--11,0,0,0,,0,0,0,
298,0,0,,,,11---11,0,0,0,,0,0,0,
299,1,1,,,,11---55,0,0,0,,0,0,0,
300,0,0,,,,3333333,0,0,0,,1,0,0,public_roadmap_docs
301,0,0,,,,-------,0,0,0,,0,0,0,
302,0,0,,,,5------,0,0,0,,0,0,0,
303,1,1,luxshare,luxshare,,11---55,0,0,0,,0,0,0,
304,0,0,luxshare,luxshare,,11---55,0,0,0,,0,0,0,
305,0,0,luxshare,luxshare,,11---5-,0,0,0,,0,0,0,
306,0,0,,,,-------,0,0,0,,0,0,0,
307,0,0,,,,11---55,0,0,0,,0,0,0,
308,0,0,luxshare,luxshare,,11---55,0,0,0,,0,0,0,
309,0,0,,,,-------,0,0,0,,0,0,0,
310,0,0,,,,5----55,0,0,0,,0,0,0,
312,1,1,luxshare,luxshare,,11---55,0,0,0,,0,0,0,
313,0,1,luxshare,luxshare,,11---55,0,0,0,,0,0,0,
314,1,45,,korea,,1111115,0,0,0,,0,0,0,professional_judgment
315,0,0,,,,11---55,0,0,0,,0,0,0,
316,0,0,,,,11---55,0,0,0,,0,0,0,
317,0,0,,,,11---11,0,0,0,,0,0,0,
318,0,0,,,,1114155,0,0,0,,0,0,0,
319,1,1,luxshare,luxshare,,11---55,0,0,0,,0,0,0,
320,1,1,,euro_certificate,,11-4-5-,0,0,0,,0,0,0,
321,1,11,,euro_certificate,,-11--55,0,0,0,,0,0,0,
323,0,0,,,,1111155,1,5,17,baringa.com|brattle.com|cebuyers.org|ed.ac.uk|ever.green|ghginstitute.org|harvard.edu|resources.org|sciencedirect.com|ssrn.com|tcr-us.com|wsimg.com,0,0,0,professional_judgment
324,0,0,,,,1----5-,0,0,0,,0,0,0,
325,1,9,,,,55-5544,1,8,36,arxiv.org|cell.com|electricitymaps.com|energytag.org|europa.eu|federalregister.gov|iea.org|leveltenenergy.com|linkedin.com|matched.energy|neso.energy|nrdc.org|nrel.gov|pnas.org|resource-solutions.org|sciencedirect.com|scopetrue.org|ssrn.com|theclimategroup.org|transitionzero.org|trec.org.tw|zenodo.org,0,0,0,
326,0,0,,,,11----5,0,0,0,,0,0,0,
327,0,0,,,,1154355,0,0,0,,1,1,0,
328,1,5,,,vc04,1135555,0,0,0,,0,0,0,
330,0,0,,,,111---5,0,0,0,,0,0,0,
331,0,0,,,,12--1-5,0,0,0,,0,0,0,
332,0,0,,,,5544454,0,0,0,,0,0,1,professional_judgment
333,0,0,,,,11-----,1,3,11,doi.org|harvard.edu|pjm.com|springer.com|tinyurl.com,0,0,0,
334,1,31,,avary,vc01,1111155,0,0,0,,0,0,1,public_roadmap_docs
335,0,0,,,,2133411,0,0,0,,0,0,1,pilot_production_use
336,0,0,,,,11---55,0,0,0,,0,0,0,
337,1,15,,pro_hourly,,5545544,1,8,35,arxiv.org|cell.com|electricitymaps.com|energytag.org|europa.eu|federalregister.gov|iea.org|leveltenenergy.com|linkedin.com|matched.energy|neso.energy|nrdc.org|nrel.gov|pnas.org|resource-solutions.org|sciencedirect.com|scopetrue.org|ssrn.com|theclimategroup.org|transitionzero.org|trec.org.tw|zenodo.org,0,0,0,
338,0,0,,,,1----55,0,0,0,,0,0,0,
340,0,0,,,,-1-1-5-,0,0,0,,0,0,0,
342,1,9,,pro_hourly,,5545544,1,8,35,arxiv.org|cell.com|electricitymaps.com|energytag.org|europa.eu|federalregister.gov|iea.org|leveltenenergy.com|linkedin.com|matched.energy|neso.energy|nrdc.org|nrel.gov|pnas.org|resource-solutions.org|sciencedirect.com|scopetrue.org|ssrn.com|theclimategroup.org|transitionzero.org|trec.org.tw|zenodo.org,0,0,0,
343,0,0,,,,2443455,0,0,0,,0,0,0,
344,0,0,,,,3554115,0,0,0,,0,0,0,other_specify
345,0,0,,,,2244155,0,0,0,,0,0,1,other_specify
346,0,0,,,,11---55,0,0,0,,0,0,0,
347,0,0,,,,-------,0,0,0,,0,0,0,
348,1,2,,,,55555-4,1,6,32,arxiv.org|cell.com|electricitymaps.com|energytag.org|europa.eu|federalregister.gov|iea.org|leveltenenergy.com|linkedin.com|matched.energy|neso.energy|nrdc.org|nrel.gov|pnas.org|resource-solutions.org|sciencedirect.com|scopetrue.org|ssrn.com|theclimategroup.org|transitionzero.org|trec.org.tw|zenodo.org,0,0,0,
349,1,15,,,,11-----,1,2,2,reit.com|rer.org,0,0,0,
351,1,15,,,,11-----,1,2,1,rer.org,0,0,0,
352,1,1,,,,2143145,0,0,0,,0,0,1,
353,0,0,,pro_hourly,vc05,5545544,0,0,0,,0,0,0,
354,0,0,,,,11-----,0,0,0,,0,0,0,
355,0,0,,,,12-----,0,0,0,,0,0,0,
356,0,0,,,,2232245,0,0,0,,0,0,1,professional_judgment
357,0,0,,,,1223325,0,0,0,,0,0,0,professional_judgment
358,0,0,,,,4444-34,0,0,0,,0,0,0,
359,1,42,,semi,vc02,1133125,1,1,0,,0,1,0,professional_judgment
360,0,0,,,,11----4,1,1,0,,0,0,0,
362,0,0,,,,11---55,0,0,0,,0,0,0,
363,0,0,luxshare,luxshare,,11---55,0,0,0,,0,0,0,
364,0,0,,,,1-4---5,0,0,0,,0,0,0,
365,0,0,,,,-------,0,0,0,,0,0,0,
366,0,0,,,,544-523,0,0,0,,0,0,0,
367,0,0,,,,1-111--,0,0,0,,0,0,0,
369,0,0,,,,--1---3,0,0,0,,0,0,0,
370,0,0,,,,11---55,0,0,0,,0,0,0,
371,0,0,,,,1-111--,0,0,0,,0,0,0,
372,0,0,,,,1342215,0,0,0,,0,1,0,operator_vendor_commitments
374,0,0,,,,5534453,0,0,0,,0,0,0,
375,1,32,avary,avary,vc01,1111155,0,0,0,,0,0,0,public_roadmap_docs
376,1,9,,euro_certificate,,11-4555,0,0,0,,0,0,0,
377,0,0,,,,13333-3,0,0,0,,0,0,0,professional_judgment
378,1,34,avary,avary,vc01,1111155,0,0,0,,0,0,0,public_roadmap_docs
379,0,0,,,,2234414,0,0,0,,0,0,1,professional_judgment
380,0,0,,,,11---55,0,0,0,,0,0,0,
381,0,0,,,,55-355-,0,0,0,,0,0,1,
384,0,0,,,,2221145,0,0,0,,0,0,0,
385,1,5,,euro_certificate,,1115455,1,3,4,ei.se|energiavirasto.fi|fortum.com|nve.no,0,0,1,professional_judgment
386,1,23,,greece|pro_hourly,vc03,5545544,1,8,35,arxiv.org|cell.com|electricitymaps.com|energytag.org|europa.eu|federalregister.gov|iea.org|leveltenenergy.com|linkedin.com|matched.energy|neso.energy|nrdc.org|nrel.gov|pnas.org|resource-solutions.org|sciencedirect.com|scopetrue.org|ssrn.com|theclimategroup.org|transitionzero.org|trec.org.tw|zenodo.org,0,0,0,
387,1,23,,pro_hourly,,5545544,1,8,35,arxiv.org|cell.com|electricitymaps.com|energytag.org|europa.eu|federalregister.gov|iea.org|leveltenenergy.com|linkedin.com|matched.energy|neso.energy|nrdc.org|nrel.gov|pnas.org|resource-solutions.org|sciencedirect.com|scopetrue.org|ssrn.com|theclimategroup.org|transitionzero.org|trec.org.tw|zenodo.org,0,0,0,other_specify
388,0,0,,,,1------,0,0,0,,0,0,0,
389,0,0,,,,-444235,0,0,0,,0,0,0,
390,0,0,,,,-------,0,0,0,,0,0,0,
391,0,0,,,,13--15-,0,0,0,,0,0,0,
392,0,0,,,,-------,0,0,0,,0,0,0,
393,0,0,,,,5534442,0,0,0,,0,0,0,
395,0,0,,,,11-----,0,0,0,,0,0,0,
396,0,0,,,,2355545,0,0,0,,0,0,1,public_roadmap_docs
397,0,0,,,,5553524,1,5,1,iop.org,0,1,0,
398,0,0,,,,12-----,0,0,0,,0,0,0,
399,1,7,,,,11---55,0,0,0,,0,0,0,
400,0,0,,,,-------,0,0,0,,0,0,0,
401,0,0,,,,5534331,0,0,0,,0,0,0,
402,0,0,,,,-25---5,1,3,8,cebuyers.org|energy.gov|epa.gov|nrel.gov|ornl.gov|sciencedirect.com,0,0,0,
403,0,0,,,,1111155,0,0,0,,0,0,1,
404,0,0,,,,1131255,0,0,0,,1,1,0,professional_judgment
405,0,0,,,,5155555,0,0,0,,0,0,1,
406,0,0,,,,1153545,0,0,0,,1,1,0,other_specify
407,0,0,,,,13341--,0,0,0,,0,0,0,
408,1,34,avary,avary,vc01,1111155,0,0,0,,0,0,0,public_roadmap_docs
409,1,29,avary,avary,vc01,1111155,0,0,0,,0,0,0,public_roadmap_docs
410,0,0,,,,1113--5,1,1,0,,0,0,0,
411,0,0,,,,4342555,1,1,3,env.go.jp|occto.or.jp,0,0,1,
412,1,25,avary,avary,vc01,1111155,0,0,0,,0,0,0,public_roadmap_docs
413,0,0,,,,12--155,0,0,0,,0,0,0,
414,1,41,,semi,vc02,1133125,1,1,0,,0,1,0,professional_judgment
415,0,0,,,,-------,0,0,0,,0,0,0,
416,0,0,,,,1211155,0,0,0,,0,0,0,
417,0,0,,,,11---55,0,0,0,,0,0,0,
418,0,0,,,,4313555,1,1,1,greengrid-compass.eu,0,0,1,public_roadmap_docs
419,0,0,,,,1331155,0,0,0,,0,0,1,professional_judgment
420,0,0,,,,2445355,0,0,0,,0,0,0,professional_judgment
421,1,24,,greece|pro_hourly,vc03,5545544,1,8,35,arxiv.org|cell.com|electricitymaps.com|energytag.org|europa.eu|federalregister.gov|iea.org|leveltenenergy.com|linkedin.com|matched.energy|neso.energy|nrdc.org|nrel.gov|pnas.org|resource-solutions.org|sciencedirect.com|scopetrue.org|ssrn.com|theclimategroup.org|transitionzero.org|trec.org.tw|zenodo.org,0,0,0,
422,0,0,,,,33-----,0,0,0,,0,0,0,
423,0,0,,,,11---55,0,0,0,,0,0,0,
424,0,0,,,,1--1325,0,0,0,,0,0,0,professional_judgment
425,1,19,,,,-11--55,0,0,0,,0,0,1,
426,0,0,,,,-------,0,0,0,,0,0,0,
427,0,0,,,,23--3--,0,0,0,,0,0,0,
429,0,0,,,,3414415,0,0,0,,0,0,0,
430,0,0,,,,15-1511,0,0,0,,0,0,0,professional_judgment
431,0,0,,,,5--5523,0,0,0,,0,0,0,
432,0,0,,,,11-2-54,0,0,0,,0,1,0,professional_judgment
433,0,0,,,,1543333,0,0,0,,0,0,1,professional_judgment
434,0,0,,,,5535511,1,4,4,aib-net.org|carbonintensity.org.uk|energynetworks.org|matched.energy,0,1,0,
435,1,16,,,,5545555,1,5,27,cell.com|energytag.org|europa.eu|federalregister.gov|iea.org|leveltenenergy.com|matched.energy|neso.energy|nrel.gov|resource-solutions.org|sciencedirect.com|scopetrue.org|ssrn.com|theclimategroup.org|trec.org.tw|zenodo.org,0,0,0,
436,0,0,,,,13---55,0,0,0,,0,0,1,
437,0,0,,,,222----,0,0,0,,0,0,0,
439,0,0,,,,112--55,0,0,0,,0,0,0,
440,1,6,,,vc04,1135555,0,0,0,,0,0,0,
441,0,0,,,,1144455,0,0,0,,0,0,0,
442,0,0,,,,21---55,0,0,0,,0,0,0,
443,0,0,,,,-------,0,0,0,,0,0,0,
444,1,2,,,,1151145,0,0,0,,0,0,1,
445,0,0,,,,114--15,1,1,1,oh.us,0,0,0,
446,0,0,,,,22---5-,0,0,0,,0,0,0,
447,1,1,,,,11---55,0,0,0,,0,0,0,
448,0,0,,,,-22----,1,1,1,go.id,0,0,0,professional_judgment
449,1,14,,pro_hourly,,5545544,1,5,26,cell.com|energytag.org|europa.eu|federalregister.gov|iea.org|leveltenenergy.com|matched.energy|neso.energy|nrel.gov|resource-solutions.org|sciencedirect.com|scopetrue.org|ssrn.com|theclimategroup.org|trec.org.tw|zenodo.org,0,1,0,
450,0,0,,,,534--45,0,0,0,,0,0,0,
451,0,0,,,,1----3-,0,0,0,,0,0,0,
452,0,0,,,,121-145,0,0,0,,0,0,0,
453,0,0,,,,1111135,0,0,0,,0,0,1,
454,1,20,,,vc15,1313135,1,1,1,bravetrace.co.nz,0,0,1,
457,0,0,,,,3111135,0,0,0,,0,0,0,other_specify
458,0,0,,,,11---55,0,0,0,,0,0,0,
459,0,0,,,,5155515,0,0,0,,0,0,1,other_specify
460,0,0,,,,24-----,0,0,0,,0,0,0,
461,0,0,,,vc06,1124155,1,3,8,baringa.com|mckinsey.com|sciencedirect.com|ssrn.com,0,0,0,
462,0,0,,,,141--55,0,0,0,,0,1,0,
463,0,0,,,,5353455,0,0,0,,0,0,0,
464,0,0,,,,1113455,1,1,1,doi.org,0,0,0,public_roadmap_docs
465,0,0,,,,11---55,0,0,0,,0,0,0,
466,0,0,,,,1-----5,0,0,0,,0,0,0,
467,1,6,,,,11-11--,0,0,0,,0,0,0,
468,0,0,,,,-------,0,0,0,,0,0,0,
469,0,0,,,,34-----,0,0,0,,0,0,0,
470,0,0,,,,15---55,0,0,0,,0,0,0,
471,1,13,,,,112-1-5,0,0,0,,0,0,0,
472,0,0,,,,11---55,0,0,0,,0,0,0,
473,0,0,,,,-2-----,1,3,3,trackingstandard.org,0,0,0,
474,1,11,,,vc16,4112155,0,0,0,,0,0,0,
475,0,0,,,,2433353,0,0,0,,0,0,0,
476,1,11,,,vc16,4112155,0,0,0,,0,0,0,
477,0,0,,,,454----,0,0,0,,0,0,0,
478,1,6,,euro_certificate,,11-4-55,0,0,0,,0,0,0,
479,0,0,,,,1444255,0,0,0,,0,0,1,
480,0,0,,,,-------,0,0,0,,0,0,0,
481,1,6,,euro_certificate,,1111-35,0,0,0,,0,0,1,
482,0,0,,,,14---5-,0,0,0,,0,0,0,
484,0,0,,,,2222212,0,0,0,,0,1,0,professional_judgment
485,0,0,,,,1143345,1,4,9,acore.org|brattle.com|doi.org|ever.green|harvard.edu|mckinsey.com|resources.org|sciencedirect.com,0,1,0,professional_judgment
486,1,2,,,,55-5544,0,0,0,,0,0,0,
488,0,0,,,,1413455,0,0,0,,0,0,1,professional_judgment
489,0,0,,,,11---55,0,0,0,,0,0,0,
490,0,0,,,,44---45,0,0,0,,0,0,0,
491,0,0,,,,---5---,0,0,0,,0,0,0,
492,0,0,,,,2233225,0,0,0,,0,0,1,
493,0,0,,,,12-5545,0,0,0,,0,0,1,
494,0,0,,,,33----5,0,0,0,,0,0,0,
495,0,0,,,,12--255,0,0,0,,0,0,0,
496,0,0,,,,11---55,0,0,0,,0,0,0,
497,0,0,,,,11---55,0,0,0,,0,0,0,
498,1,21,,pro_hourly,,5545544,1,8,35,arxiv.org|cell.com|electricitymaps.com|energytag.org|europa.eu|federalregister.gov|iea.org|leveltenenergy.com|linkedin.com|matched.energy|neso.energy|nrdc.org|nrel.gov|pnas.org|resource-solutions.org|sciencedirect.com|scopetrue.org|ssrn.com|theclimategroup.org|transitionzero.org|trec.org.tw|zenodo.org,0,0,0,
499,0,0,,,,2344-44,0,0,0,,0,0,0,
500,0,0,,,,1----5-,1,2,8,acore.org|bcg.com|cebuyers.org|ssrn.com|wsimg.com|zerogrid.org,0,0,0,
501,0,0,,,,11-2255,0,0,0,,0,0,0,
502,0,0,,,,3------,0,0,0,,0,0,0,
503,0,0,,,,1------,1,2,5,ghginstitute.org,0,0,0,
504,1,1,,,,111--55,0,0,0,,0,0,0,
505,0,0,,,vc13,1144-55,1,1,2,tcr-us.com|watttime.org,0,0,0,professional_judgment
506,0,0,,,,24-3-54,0,0,0,,0,0,0,
507,0,0,,,,1211112,1,3,3,gc.ca|hydroquebec.com,1,0,0,other_specify
508,0,0,,,,11---5-,0,0,0,,0,0,0,
509,0,0,,,,1113155,0,0,0,,0,0,0,
510,0,0,,,,4335245,0,0,0,,0,1,0,public_roadmap_docs
511,0,0,,,,------5,0,0,0,,0,0,0,
512,0,0,,,,1------,0,0,0,,0,0,0,
513,0,0,,,,31-41-5,0,0,0,,0,0,0,
514,0,0,,,,-------,0,0,0,,0,0,0,
515,0,0,,,,11---55,0,0,0,,0,0,0,
516,1,2,,,,5555554,1,1,2,cell.com|transitionzero.org,0,0,0,professional_judgment
517,1,11,,,,1115255,1,11,27,acore.org|brookfield.com|cebuyers.org|cell.com|entergy.com|ghginstitute.org|ghgprotocol.org|orrick.com|resource-solutions.org|ssrn.com|tcr-us.com|wsimg.com|zerogrid.org,0,0,0,
518,0,0,,,,11---55,0,0,0,,0,0,0,
521,0,0,,,,255---5,0,0,0,,0,0,1,
522,0,0,,,,11----5,0,0,0,,0,0,0,
523,0,0,,,,5545543,0,0,0,,0,0,0,
524,1,9,,,,5545543,1,7,24,arxiv.org|cell.com|electricitymaps.com|energytag.org|iea.org|leveltenenergy.com|linkedin.com|matched.energy|nrdc.org|pnas.org|resource-solutions.org|sciencedirect.com|scopetrue.org|squarespace.com|ssrn.com|theclimategroup.org|transitionzero.org|trec.org.tw|zenodo.org,0,0,0,
525,1,1,,,,11----4,0,0,0,,0,0,0,
526,0,0,,,,1224455,1,1,2,cer.gov.au|dcceew.gov.au,0,0,0,
527,0,0,,,,1444335,0,0,0,,0,0,1,professional_judgment
528,0,0,,,,121-455,1,1,1,doi.org,0,0,1,
529,1,16,,,,1111115,0,0,0,,0,0,0,professional_judgment
530,0,0,,,,433---5,0,0,0,,0,0,1,
531,0,0,,,,13545-5,0,0,0,,0,0,1,professional_judgment
532,0,0,,,,5455-45,0,0,0,,0,0,0,
533,0,0,,,,135--45,0,0,0,,0,0,0,
534,0,0,,,,-------,0,0,0,,0,0,0,
535,0,0,,,,111-145,0,0,0,,0,0,0,
536,0,0,,,,23----5,0,0,0,,0,0,0,
537,0,0,,,,11---55,0,0,0,,0,0,0,
538,0,0,,,,111-145,0,0,0,,0,0,0,
539,1,45,,korea,vc08,1111115,0,0,0,,0,0,0,professional_judgment
540,0,0,,,,4444445,0,0,0,,0,0,0,professional_judgment
541,0,0,,,,111---5,0,0,0,,0,0,0,
542,0,0,,,,43-----,0,0,0,,0,0,0,
543,0,0,,,,11----5,0,0,0,,0,0,0,
544,0,0,,fepc_tepco,vc10,1111145,0,0,0,,0,0,1,
545,0,0,,,,15---55,0,0,0,,0,0,0,
546,0,0,,,,1----11,0,0,0,,0,0,0,
547,0,0,,,,2223445,1,2,2,trackingstandard.org,0,1,0,professional_judgment
548,0,0,,,,-----55,0,0,0,,0,0,0,
549,0,0,,,,13-4445,0,0,0,,0,0,1,
550,0,0,,,,11---55,0,0,0,,0,0,0,
551,0,0,,,,111----,0,0,0,,0,0,0,
552,1,19,,,vc11,11251-5,0,0,0,,0,0,0,
553,0,0,,,,-4---44,0,0,0,,0,0,1,
554,0,0,,,,11---55,0,0,0,,0,0,0,
555,0,0,,,,21---55,0,0,0,,0,0,0,
556,0,0,,,,24-3-4-,0,0,0,,0,0,0,
557,0,0,,,,4444444,0,0,0,,0,0,1,
559,0,0,,,,434--34,1,4,0,,0,0,0,
560,0,0,,,,1233433,0,0,0,,0,0,0,
561,0,0,,,,1334555,0,0,0,,0,0,0,
562,0,0,,,,3444355,0,0,0,,0,1,0,
563,1,10,,,,55-5544,1,3,25,cell.com|energytag.org|europa.eu|federalregister.gov|iea.org|leveltenenergy.com|matched.energy|neso.energy|nrel.gov|resource-solutions.org|sciencedirect.com|scopetrue.org|ssrn.com|transitionzero.org|trec.org.tw,0,0,0,
564,0,0,,,,1122345,0,0,0,,0,0,0,
565,0,0,,,,21-4555,0,0,0,,0,0,0,
566,0,0,,,,55-5533,0,0,0,,0,0,1,
567,1,7,,,,11-11--,0,0,0,,0,0,0,
568,0,0,,,,24-4333,0,0,0,,0,0,1,
569,0,0,,,,1233244,0,0,0,,0,0,1,public_roadmap_docs
570,1,7,,,,11-11--,0,0,0,,0,0,0,
571,0,0,,,,4443435,0,0,0,,0,1,0,professional_judgment
572,0,0,,,,344455-,0,0,0,,0,0,0,
573,0,0,,,,-------,0,0,0,,0,0,0,
574,0,0,,,,1------,0,0,0,,0,0,0,
575,0,0,,,,5544455,1,2,2,aib-net.org|rte-france.com,0,0,0,public_roadmap_docs
576,0,0,,,,1145545,1,17,60,brattle.com|cebuyers.org|cell.com|energy.gov|expertconsensusoncarbonimpact.com|harvard.edu|resurety.com|sciencedirect.com|scopetrue.org|ssrn.com|tcr-us.com|utilitydive.com|wri.org|wsgr.com|wsimg.com|zerogrid.org,0,1,0,professional_judgment
577,0,0,,,,1112345,1,1,1,doi.org,0,0,1,
578,0,0,,,,54----5,0,0,0,,0,0,0,
579,0,0,,,,5555555,0,0,0,,0,0,0,
580,0,0,,,,12---55,0,0,0,,1,1,0,
581,0,0,,,,12---55,0,0,0,,0,0,0,
583,1,2,,,,11-1-55,0,0,0,,1,0,0,
584,0,0,,,,12--155,0,0,0,,0,0,0,
585,0,0,,,,1-----5,0,0,0,,0,0,0,
586,0,0,,,,11---55,0,0,0,,0,0,1,
587,0,0,,,,1132125,0,0,0,,0,0,0,
588,0,0,,,,153331-,0,0,0,,0,0,1,
589,0,0,,,,1111145,0,0,0,,0,0,1,public_roadmap_docs
590,0,0,,,,12321-4,0,0,0,,0,1,0,professional_judgment
591,0,1,,,,1254255,0,0,0,,0,0,1,professional_judgment
592,0,0,,,,-------,0,0,0,,0,0,0,
593,0,0,,,,1153115,1,11,26,brattle.com|cell.com|com.sa|energy.gov|epa.gov|ferc.gov|gov.my|harvard.edu|nusconsulting.com|researchgate.net|resource-solutions.org|resources.org|sciencedirect.com|ssrn.com|tcr-us.com|theclimategroup.org|trackingstandard.org|transitionzero.org|watttime.org,0,0,0,
594,1,23,,greece|pro_hourly,vc03,5545544,1,8,35,arxiv.org|cell.com|electricitymaps.com|energytag.org|europa.eu|federalregister.gov|iea.org|leveltenenergy.com|linkedin.com|matched.energy|neso.energy|nrdc.org|nrel.gov|pnas.org|resource-solutions.org|sciencedirect.com|scopetrue.org|ssrn.com|theclimategroup.org|transitionzero.org|trec.org.tw|zenodo.org,0,0,0,
595,0,0,,,,11---55,0,0,0,,0,0,0,
596,0,0,,,,5525514,1,1,1,gouv.fr,0,0,1,
597,1,1,,,,1141155,0,0,0,,0,1,0,professional_judgment
598,0,0,,,,4244522,0,0,0,,0,0,1,
599,0,0,,,,11---55,0,0,0,,0,1,0,
600,0,0,,,,-------,0,0,0,,0,0,0,
601,0,0,,,,3------,0,0,0,,0,0,0,
602,0,0,,,,335----,1,4,6,co2map.de|energy-charts.info|entsoe.eu|greengrid-compass.eu,0,0,0,
603,1,46,,semi,vc02,1133125,1,1,0,,0,1,0,professional_judgment
604,0,0,,,,13-1155,0,0,0,,1,1,0,
605,0,0,,,,1135555,1,1,1,the0mission.dk,0,0,0,
606,0,0,,,,1------,0,0,0,,0,0,0,
607,0,0,,,,-------,0,0,0,,0,0,0,
608,1,19,,,vc11,11251-5,0,0,0,,0,0,0,
609,0,0,,,,-------,0,0,0,,0,0,0,
610,0,0,,,,12-2215,0,0,0,,0,0,0,
611,0,0,,,,-5----4,0,0,0,,0,0,0,
612,0,0,,,,1133145,0,0,0,,0,1,0,professional_judgment
613,0,0,,,,214--15,0,0,0,,0,0,0,
614,0,0,,,,1-5554-,0,0,0,,0,0,0,
615,0,0,,,,-------,1,2,2,ib1.org|www.gov.uk,0,0,0,
616,1,5,,,,5544555,0,0,0,,0,0,0,
617,0,0,,,,1155155,0,0,0,,0,0,0,professional_judgment
618,0,0,,,,55-54--,1,1,1,aib-net.org,0,0,0,professional_judgment
619,0,0,,,,445554-,0,0,0,,0,0,1,
620,1,2,,,,11-4355,0,0,0,,0,0,0,
621,0,0,,,vc07,1143125,0,0,0,,0,0,0,
622,0,0,,,,1154-55,0,0,0,,0,0,1,
623,0,0,,,,-----25,0,0,0,,0,0,0,
624,0,0,,,,11-1155,0,0,0,,0,0,0,
625,0,0,,,,11----5,0,0,0,,0,0,0,
626,0,0,,,,1351155,0,0,0,,0,0,0,other_specify
627,1,2,,,,11---55,0,0,0,,0,0,1,
628,0,0,,,,1452225,1,1,1,europa.eu,0,0,0,professional_judgment
629,0,0,,,,1144-55,0,0,0,,0,0,0,
630,1,1,,,,5433243,1,4,19,cell.com|energytag.org|europa.eu|federalregister.gov|granular-energy.com|iea.org|neso.energy|nrel.gov|sciencedirect.com|ssrn.com,1,1,0,
631,0,0,,,,55-5554,0,0,0,,0,0,0,
632,0,0,,,,55-5544,0,0,0,,0,0,0,
633,0,0,,,,1234255,0,0,0,,0,0,0,
634,0,0,,,,5555455,1,6,27,arxiv.org|auroraer.com|cell.com|elering.ee|entsoe.eu|eurelectric.org|europa.eu|flexidao.com|iea.org|jao.eu|leveltenenergy.com|neso.energy|sciencedirect.com|ssrn.com|sustainability.google|theclimategroup.org|transitionzero.org|zenodo.org,0,0,0,professional_judgment
635,0,0,,,,2222255,0,0,0,,0,0,0,
636,1,22,,,,3314345,1,1,1,bravetrace.co.nz,0,0,1,
637,0,0,,,,55----2,0,0,0,,0,0,0,
638,1,25,,,,1313135,0,0,0,,0,0,1,
639,0,0,,,,11---55,1,1,0,,0,0,0,
640,1,4,,,,1-----5,0,0,0,,0,0,1,
641,0,0,,,,21---4-,0,0,0,,0,0,0,
642,0,0,,,,-------,1,2,0,,0,0,0,
643,0,0,,,,22-4454,0,0,0,,0,0,1,
644,0,0,,pro_hourly,,5545544,1,1,0,,0,0,0,
645,0,0,,,,12---55,0,0,0,,0,0,0,
646,0,0,,,,1------,0,0,0,,0,0,0,
647,0,0,,,,11-----,1,4,27,caiso.com|cell.com|energy-counsel.com|monitoringanalytics.com|pjm.com|pnnl.gov|raabassociates.org|tinyurl.com,0,0,0,
648,0,0,,,,5545-44,1,2,4,granular-energy.com|neso.energy|nrel.gov|sciencedirect.com,0,0,0,
649,0,0,,,,-----44,0,0,0,,0,0,0,
650,0,0,,,,1254525,0,0,0,,0,0,0,professional_judgment
651,0,0,,,,11----5,1,6,15,acore.org|cebuyers.org|cell.com|ghginstitute.org|ghgprotocol.org|marginalimpactmethod.org|resource-solutions.org|ssrn.com|wsimg.com|zerogrid.org,0,0,0,
652,0,3,,,,11----5,0,0,0,,0,0,0,
653,0,0,,,,22421-5,0,0,0,,0,0,0,operator_vendor_commitments
654,0,0,,,,-------,1,2,2,arena.gov.au,0,0,0,
655,0,0,,,,324--55,0,0,0,,0,0,0,
656,0,0,,,,1111-55,0,0,0,,0,0,0,
657,1,25,,,vc15,1313135,1,2,2,bravetrace.co.nz,0,0,1,
658,1,10,,euro_certificate,,-11--55,1,2,0,,0,0,1,
659,0,0,,,,11---55,0,0,0,,0,0,0,
660,0,0,,,,--1----,1,1,1,meti.go.jp,0,0,0,
661,0,0,,,,1554432,0,0,0,,0,0,0,other_specify
662,1,4,,,,114-155,0,0,0,,0,0,0,
663,0,0,,,,2325435,1,7,7,eei.org|pjm-eis.com|pjm.com,0,1,0,professional_judgment
664,1,1,,,,11----5,0,0,0,,0,0,0,
665,0,0,,,,4455235,1,3,3,openelectricity.org.au|researchgate.net,0,0,0,professional_judgment
666,0,0,,,,23-4-55,0,0,0,,0,0,0,professional_judgment
667,0,0,,,vc17,111-1-5,1,1,0,,0,0,0,
669,0,0,,,,111-455,1,1,1,doi.org,0,0,0,public_roadmap_docs
670,0,0,,,,4-1---5,0,0,0,,0,0,0,
671,0,0,,,,211---5,1,2,2,tepco.co.jp,0,0,0,
672,0,0,,,,1-111-5,0,0,0,,0,0,0,
673,0,0,,,,11---55,0,0,0,,0,0,0,
674,0,0,,,,--1----,0,0,0,,0,0,0,
675,0,0,,,,2----34,0,0,0,,0,0,0,
676,0,0,,,,11----5,0,0,0,,0,0,0,
677,1,2,,pro_hourly,vc05,5545544,1,9,38,arxiv.org|cell.com|doi.org|energytag.org|europa.eu|federalregister.gov|iea.org|iop.org|leveltenenergy.com|matched.energy|nrel.gov|pnas.org|princeton.edu|resource-solutions.org|sciencedirect.com|scopetrue.org|ssrn.com|theclimategroup.org|trec.org.tw|zenodo.org,0,0,0,
678,0,0,,,,11-----,0,0,0,,0,0,0,
679,0,0,,,,34----5,0,0,0,,0,0,0,
680,0,0,,fepc_tepco,vc10,1111145,0,0,0,,0,0,1,other_specify
682,0,0,,,,23---55,0,0,0,,0,0,0,
684,0,0,,,,11----5,0,0,0,,0,0,0,
685,0,0,,,,43425-5,1,1,3,env.go.jp|occto.or.jp,0,0,0,
686,0,0,,,,33553--,0,0,0,,0,0,0,
687,0,0,,,,-------,0,0,0,,0,0,0,
688,0,0,,,vc04,1135555,0,0,0,,1,0,0,
689,0,0,,,,3454254,1,1,0,,0,1,0,
690,0,0,,,,2222235,0,0,0,,0,0,1,
691,0,0,,,,-442-4-,0,0,0,,0,1,0,
692,1,42,,semi,vc02,1133125,1,1,0,,0,1,0,professional_judgment
693,0,0,,,,111-145,0,0,0,,0,0,0,
694,0,0,,,,11---55,0,0,0,,0,0,0,
695,0,0,,,,1144--5,0,0,0,,0,0,0,operator_vendor_commitments
696,0,0,,,,24-345-,0,0,0,,0,0,1,
697,0,0,,,,-------,0,0,0,,0,0,0,
698,0,0,,,,4434-55,0,0,0,,0,1,0,
700,0,0,,,,2-4--55,0,0,0,,0,0,0,
701,0,0,,pro_hourly,,5545544,0,0,0,,0,1,0,
702,0,0,,,,11---55,0,0,0,,0,0,0,
703,0,0,,,,--3---4,0,0,0,,0,0,0,
704,1,11,,,,311-155,0,0,0,,0,0,0,
705,0,0,,,,11----5,0,0,0,,0,0,0,
706,0,0,,,,2444355,0,0,0,,0,0,1,professional_judgment
707,0,0,,,,-------,0,0,0,,0,0,0,
708,0,0,,,,3444434,0,0,0,,0,0,0,professional_judgment
709,0,0,,,vc17,111-1-5,1,1,0,,0,0,0,
710,0,0,,,,1153515,0,0,0,,0,0,1,
711,0,0,,,,-------,0,0,0,,0,0,0,
712,0,0,,,,11-3335,0,0,0,,0,0,0,
713,0,0,,,,3343345,0,0,0,,0,0,1,
714,0,0,,,,111-145,0,0,0,,0,0,0,
715,0,0,,,,1-3--55,0,0,0,,0,0,0,
716,0,0,,,,1113155,0,0,0,,1,0,0,professional_judgment
717,0,0,,,,1511145,1,1,1,gov.hk,0,0,1,professional_judgment
718,0,0,,,,11---55,0,0,0,,0,0,0,
719,0,0,,,,-------,1,5,5,xrb.govt.nz,0,0,0,
720,0,0,,,,11---55,0,0,0,,0,0,0,
721,0,0,,,,1144455,0,0,0,,0,0,0,professional_judgment
722,0,0,,,,1111155,0,0,0,,0,0,0,
723,0,0,,,,5--4-1-,0,0,0,,0,0,0,
724,0,0,,,,11111--,0,0,0,,0,0,0,
725,0,0,,,,11---55,0,0,0,,0,0,0,
726,1,6,,pro_hourly,,5545544,1,8,32,arxiv.org|cell.com|electricitymaps.com|energytag.org|europa.eu|federalregister.gov|iea.org|linkedin.com|neso.energy|nrdc.org|nrel.gov|pnas.org|sciencedirect.com|scopetrue.org|ssrn.com|theclimategroup.org|transitionzero.org|trec.org.tw|zenodo.org,0,0,0,
727,1,42,,semi,vc02,1133125,1,1,0,,0,0,0,professional_judgment
728,0,0,,,,------5,0,0,0,,0,0,0,
729,0,0,,,,11-551-,0,0,0,,0,1,0,professional_judgment
730,1,5,,,,2333255,0,0,0,,0,0,0,professional_judgment
731,0,0,,,,5545542,0,0,0,,0,0,0,
732,1,20,,greece|pro_hourly,vc03,5545544,1,7,33,arxiv.org|cell.com|electricitymaps.com|energytag.org|europa.eu|federalregister.gov|iea.org|leveltenenergy.com|linkedin.com|matched.energy|neso.energy|nrdc.org|nrel.gov|pnas.org|resource-solutions.org|sciencedirect.com|scopetrue.org|ssrn.com|theclimategroup.org|trec.org.tw|zenodo.org,0,0,0,
733,0,0,,,,22----5,0,0,0,,0,0,0,
734,0,0,,,,-------,0,0,0,,0,0,0,
735,0,0,,,,4433255,1,3,3,ea.govt.nz|environment.govt.nz,0,0,0,
736,0,0,,,,4444442,0,0,0,,0,0,0,
737,0,0,,,,11----5,0,0,0,,0,0,1,
738,0,1,,euro_certificate,,22---55,1,1,0,,0,0,0,
739,0,0,,,,244445-,0,0,0,,0,0,1,professional_judgment
740,0,0,,,,-------,0,0,0,,0,0,0,
741,0,0,,,,11-----,0,0,0,,0,0,0,
742,0,0,,,,4555353,0,0,0,,0,0,1,
743,0,0,,,,-1-----,0,0,0,,0,0,0,
744,1,18,,euro_certificate,,111--55,0,0,0,,0,0,1,
746,0,0,,,,1155-55,0,0,0,,0,0,0,
747,0,0,,,,1143225,0,0,0,,1,1,0,professional_judgment
748,0,0,,,,-5-54-5,0,0,0,,0,0,0,
749,1,6,,,,5455544,1,2,20,arxiv.org|cell.com|electricitymaps.com|energytag.org|europa.eu|federalregister.gov|iea.org|leveltenenergy.com|linkedin.com|matched.energy|neso.energy|nrdc.org|pnas.org|resource-solutions.org|sciencedirect.com|scopetrue.org|ssrn.com|trec.org.tw,0,0,0,professional_judgment
750,0,0,,,,2322243,0,0,0,,0,0,0,operator_vendor_commitments
751,1,1,,,,15---55,0,0,0,,0,0,0,
752,0,0,,,,13-3255,0,0,0,,0,0,0,
753,0,0,,,,4----55,0,0,0,,0,0,0,
754,0,0,,,,1234245,0,0,0,,0,0,0,
755,0,0,,,,-1-14-5,0,0,0,,0,0,0,
756,0,0,,,,1344325,0,0,0,,0,1,0,
757,1,1,,pro_hourly,,5545544,0,0,0,,0,0,0,
758,0,0,,,,4-1---5,0,0,0,,0,0,0,
759,0,0,,,,14----5,0,0,0,,0,0,0,
760,0,0,,,,1------,0,0,0,,0,0,0,
761,0,0,,,vc14,1411544,0,0,0,,0,0,0,professional_judgment
762,0,0,,,vc14,1411544,0,0,0,,0,0,0,professional_judgment
763,0,0,,,,1123155,0,0,0,,0,1,0,operator_vendor_commitments
764,0,0,,,,-----5-,0,0,0,,0,0,0,
766,0,0,,,,1242155,0,0,0,,0,0,1,
767,0,0,,,,21-1--5,0,0,0,,0,0,0,
768,0,0,,,,1------,0,0,0,,0,0,0,
769,0,0,,,,12-44-5,0,0,0,,0,1,0,professional_judgment
770,0,0,,,,3233555,0,0,0,,0,0,1,other_specify
771,0,0,,,,2434453,0,0,0,,0,0,1,professional_judgment
772,0,0,,,,15-1515,0,0,0,,0,0,0,
773,0,0,,,,111--35,0,0,0,,0,1,0,
774,0,0,,,,1244255,0,0,0,,0,0,1,professional_judgment
775,0,0,,,,135553-,1,1,0,,0,0,0,
776,1,1,,,,444--54,0,0,0,,0,0,0,
777,0,0,,,,2344255,0,0,0,,0,0,0,professional_judgment
778,0,0,,,,44-----,1,1,2,cell.com|transitionzero.org,0,0,0,
779,1,4,,,,5535524,0,0,0,,0,1,0,
780,0,0,,,,3554544,1,2,2,cornwall-insight.com,0,0,0,
781,0,0,,,,4444445,0,0,0,,0,0,1,professional_judgment
782,0,0,,,,34---45,0,0,0,,0,0,0,
783,0,0,,,,11-----,0,0,0,,0,0,0,
784,0,0,,,,13-1155,0,0,0,,0,0,1,professional_judgment
785,1,4,,,,1-----5,0,0,0,,0,0,1,
786,0,0,,,,-1-----,0,0,0,,0,0,0,
787,0,0,,,,3333345,0,0,0,,0,0,0,
788,0,0,,,,24---55,0,0,0,,0,0,0,
789,0,0,,,,214-315,0,0,0,,0,0,0,
790,0,0,,,,1111213,0,0,0,,0,1,0,
791,0,0,edf,,,--1--5-,0,0,0,,0,0,0,
792,1,1,,,,131---5,0,0,0,,0,0,0,
793,0,0,,,,11---55,0,0,0,,0,0,1,
794,0,0,,,,2135-55,0,0,0,,0,1,0,
795,0,0,,,,11----5,0,0,0,,0,0,0,
797,0,0,,,,-------,0,0,0,,0,0,0,
798,0,0,,,,112-114,0,0,0,,0,0,0,
799,0,0,,,,15-3111,0,0,0,,0,0,1,other_specify
800,1,2,,euro_certificate,,11---55,0,0,0,,0,0,1,
801,0,0,,,,1145455,0,0,0,,1,0,0,
802,0,0,,,,34-5-55,0,0,0,,0,0,0,
803,0,0,,,,-------,0,0,0,,0,0,0,
805,0,0,,,,3444343,0,0,0,,0,0,1,other_specify
806,0,0,,,,11----5,0,0,0,,0,0,0,
807,0,0,,,,-------,1,2,4,resources.org,0,0,0,
808,0,0,,,,3233333,0,0,0,,0,0,1,professional_judgment
809,0,0,,,,4454554,0,0,0,,0,0,0,
810,0,0,,,,-------,0,0,0,,0,0,0,
811,0,0,,,,135553-,0,0,0,,0,0,0,
812,0,0,,,,-------,0,0,0,,0,0,0,
813,0,0,,,,3245535,0,0,0,,0,0,0,other_specify
814,0,0,,,,3434454,0,0,0,,0,0,1,professional_judgment
815,0,0,,,,11-3454,0,0,0,,0,0,0,professional_judgment
816,0,0,,,,11----5,0,0,0,,0,0,0,
817,0,0,,,,1332254,0,0,0,,0,0,0,professional_judgment
818,0,0,,,,-------,0,0,0,,0,0,0,
819,0,0,,,,3354445,0,0,0,,0,0,0,
820,0,0,,,,132---5,0,0,0,,0,0,0,
821,0,0,,,,1124255,1,1,1,unhsimap.org,0,0,0,
822,0,0,,,,11-4355,0,0,0,,0,0,0,
823,0,0,,,vc06,1124155,1,3,8,baringa.com|mckinsey.com|sciencedirect.com|ssrn.com,0,0,0,
824,0,0,,,,4444545,0,0,0,,0,0,0,
825,0,0,,,,1341144,0,0,0,,0,1,0,professional_judgment
826,1,6,,,,11-11--,0,0,0,,0,0,0,
827,0,0,,,,1121135,0,0,0,,0,0,0,professional_judgment
828,0,0,,,,-------,0,0,0,,0,0,0,
829,0,0,,,,44--452,0,0,0,,0,0,0,
830,0,0,,,,13-----,0,0,0,,0,0,0,
831,0,1,,euro_certificate,,11---55,0,0,0,,0,0,1,
832,0,0,,,,11-----,0,0,0,,0,0,0,
833,0,0,,,,11---55,0,0,0,,0,0,0,
834,1,9,,,,55-55--,1,4,26,cell.com|energytag.org|europa.eu|federalregister.gov|iea.org|leveltenenergy.com|matched.energy|neso.energy|nrel.gov|resource-solutions.org|sciencedirect.com|scopetrue.org|ssrn.com|transitionzero.org|trec.org.tw|zenodo.org,0,0,0,
835,0,0,,,,1222-55,0,0,0,,0,1,0,professional_judgment
836,1,7,,,,1135355,0,0,0,,0,0,0,
837,0,0,edf,,,4515555,0,0,0,,0,0,0,
838,0,0,,,,-------,0,0,0,,0,0,0,
839,0,0,,,,3235555,0,0,0,,0,0,0,professional_judgment
840,0,0,,,,1131115,0,0,0,,0,0,0,professional_judgment
841,0,0,,,,-----54,0,0,0,,0,0,0,
842,0,0,,,,1-1----,0,0,0,,0,0,0,
843,0,0,,,,1111113,0,0,0,,0,1,0,
844,1,1,,euro_certificate,,11----5,0,0,0,,0,0,0,
845,0,0,,,,1-----5,0,0,0,,0,0,0,
846,1,1,,euro_certificate,,24---55,0,0,0,,0,0,0,
847,0,0,,,vc13,1144-55,1,1,2,tcr-us.com|watttime.org,0,0,0,professional_judgment
848,0,0,,,,-------,0,0,0,,0,0,0,
849,0,0,,,,2235543,0,0,0,,0,0,1,
850,0,0,,,,-1---5-,0,0,0,,0,0,0,
851,0,0,,,vc18,11---55,0,0,0,,0,1,0,
852,1,3,,,,11-----,0,0,0,,0,0,0,
853,0,0,,,,------5,1,1,2,ey.com|kpmg.com,0,0,0,
854,0,0,edinburgh,,,5545554,0,0,0,,0,0,0,
855,0,0,,,,11---55,0,0,0,,0,0,0,
856,0,0,,,,32----5,0,0,0,,0,0,0,
857,0,0,,,,11--455,0,0,0,,0,1,0,
858,0,0,,,,13---55,0,0,0,,0,0,0,
859,0,0,,,,-------,0,0,0,,0,0,0,
861,0,0,,,,12---55,0,0,0,,0,0,0,
862,1,2,,,,5545145,0,0,0,,0,1,0,professional_judgment
863,0,0,,,,-------,0,0,0,,0,0,0,
864,0,0,,,,---4---,0,0,0,,0,0,0,
865,0,0,,,,-------,0,0,0,,0,0,0,
866,0,0,,,,11-13-5,0,0,0,,0,0,1,professional_judgment
867,0,0,,,,11---55,0,0,0,,0,0,0,
868,0,0,,,,11----5,0,0,0,,0,0,0,
869,0,0,,,,12-3115,0,0,0,,0,0,0,professional_judgment
870,0,0,,,,4234135,0,0,0,,0,0,1,professional_judgment
871,0,0,,,,4444445,0,0,0,,0,0,0,professional_judgment
872,0,0,,,,1224455,0,0,0,,0,0,0,professional_judgment
873,0,0,,,,-------,0,0,0,,0,0,0,
874,0,0,,,,1-4---5,1,2,3,bu.edu|buildingos.com|harvard.edu,0,0,0,
875,0,0,,,,1154355,1,1,3,ghginstitute.org|tcr-us.com|watttime.org,0,1,0,
876,0,0,,,,1----55,0,0,0,,0,0,0,
877,0,0,,,,11-1-55,1,4,5,climateneutraldatacentre.net|ember-energy.org|eudca.org|spglobal.com,0,0,0,
879,0,0,,,,11-----,0,0,0,,0,0,0,
880,0,0,,,,11---55,0,0,0,,0,0,0,
881,0,0,,,,11-2455,0,0,0,,1,0,0,
882,0,0,,,,133-355,0,0,0,,0,0,1,
883,0,0,,,,13---35,0,0,0,,0,0,0,
884,0,0,,,,----155,0,0,0,,0,0,0,
885,0,0,engie,,,55-5544,1,1,1,arxiv.org,0,0,0,
886,0,0,,,,334-315,0,0,0,,0,0,0,
887,1,1,,,,112-255,0,0,0,,0,0,0,
888,0,0,,,,55-5555,0,0,0,,0,0,1,
889,0,0,,,,554----,1,5,10,doi.org|iop.org|zenodo.org,0,0,0,
890,0,0,,,,11---55,0,0,0,,0,0,0,
891,0,0,,,,1122-45,0,0,0,,0,0,0,
892,0,0,,,,55-5543,0,0,0,,0,1,0,professional_judgment
893,0,0,,,,123-145,1,1,5,apambiente.pt|greengrid-compass.eu|ree.es|www.gov.br,0,0,0,
894,0,0,,,,1344414,0,0,0,,0,0,0,
895,0,3,,,,11----5,0,0,0,,0,1,0,
896,0,0,,,,11555-5,0,0,0,,0,0,0,
897,0,0,,,,1233134,0,0,0,,0,0,1,other_specify
898,0,0,,,,-------,0,0,0,,0,0,0,
899,0,0,,,,1145-45,1,2,0,,0,0,1,
901,0,0,,,,2243255,0,0,0,,0,0,1,
902,0,0,,,,111-115,1,2,5,brattle.com|expertconsensusoncarbonimpact.com|harvard.edu|nature.com,0,0,0,
903,0,0,,,,3------,0,0,0,,0,0,0,
904,0,0,,,,114---5,1,2,4,cebuyers.org|epa.gov|nrel.gov,0,0,0,
905,0,0,,,,-3---35,0,0,0,,0,0,0,
906,0,0,,,,-3-4115,0,0,0,,0,0,0,
907,0,1,,,,11---55,1,10,25,brattle.com|cebuyers.org|ever.green|frontiersin.org|ghginstitute.org|ghgprotocol.org|greenstrategies.com|resource-solutions.org,0,0,0,
908,0,0,,,,11---55,0,0,0,,0,0,0,
909,0,0,,,,3424155,0,0,0,,0,1,0,professional_judgment
910,0,0,,,,22----5,1,2,5,brattle.com|expertconsensusoncarbonimpact.com|harvard.edu|sciencedirect.com,0,0,0,
911,0,0,,,,11---55,1,3,7,tinyurl.com,0,0,0,
912,0,0,,,,-4-3---,0,0,0,,0,0,0,
913,0,0,,,,1445555,0,0,0,,0,0,0,
914,0,0,,,,24-4--5,0,0,0,,0,0,0,professional_judgment
915,1,1,,,,1153235,1,2,1,ca.gov,1,1,0,professional_judgment
916,0,0,,,,324--35,1,1,1,nrel.gov,0,0,0,
917,0,0,,,,-------,0,0,0,,0,0,0,
918,0,1,,,,11-1155,0,0,0,,0,0,0,professional_judgment
919,0,0,,,,44444-3,0,0,0,,0,0,0,
920,0,0,,,,11---55,0,0,0,,0,0,0,
921,0,0,,,,1----3-,0,0,0,,0,0,0,
922,0,0,,,,-------,0,0,0,,0,0,0,
923,0,0,,,,1------,0,0,0,,0,0,0,
924,1,4,,,,1---1-5,0,0,0,,0,0,1,
925,0,8,,,,1155515,1,12,37,acore.org|baringa.com|bcg.com|cebuyers.org|emissionsfirst.com|energymonitor.ai|expertconsensusoncarbonimpact.com|ghginstitute.org|ghgprotocol.org|resources.org|rmi.org|singularity.energy|ssrn.com|tcr-us.com|tinyurl.com|watttime.org|wsimg.com|zerogrid.org,0,1,0,
926,0,0,,,,1145455,0,0,0,,0,0,0,
927,0,0,,,,-2-42-5,1,1,1,spglobal.com,0,0,0,
928,0,0,,,,-------,1,1,3,arxiv.org|epri.com,0,0,0,
929,0,0,,,,11---55,0,0,0,,0,0,0,
930,0,0,,,,-5-----,0,0,0,,0,0,0,
931,0,0,,,,1332315,0,0,0,,0,0,0,
932,1,1,,,,5545554,1,5,20,arxiv.org|cell.com|energytag.org|europa.eu|federalregister.gov|iea.org|nrel.gov|rtoinsider.com|sciencedirect.com|scopetrue.org|ssrn.com|theclimategroup.org|transitionzero.org|zenodo.org,0,0,0,
933,0,0,,,,-1----4,0,0,0,,0,0,0,
934,0,0,,,,11---55,1,1,0,,0,0,0,
935,0,0,engie,,,------4,0,0,0,,0,0,0,
936,1,6,,pro_hourly,,5545544,1,4,26,cell.com|energytag.org|europa.eu|federalregister.gov|iea.org|leveltenenergy.com|matched.energy|neso.energy|nrel.gov|resource-solutions.org|sciencedirect.com|scopetrue.org|ssrn.com|transitionzero.org|trec.org.tw|zenodo.org,0,0,0,
937,0,0,,,,111--5-,0,0,0,,0,0,0,
938,0,0,,,,11-3-25,0,0,0,,0,0,0,
939,0,0,,,vc18,11---55,0,0,0,,0,0,0,
940,0,0,,,,2435255,0,0,0,,0,0,0,
941,0,0,,,,24---55,0,0,0,,0,0,0,
942,0,0,,,,12-2145,0,0,0,,0,0,0,
943,0,0,,,,44-5--5,0,0,0,,0,0,0,
944,0,0,,,,1335555,0,0,0,,0,0,0,
945,0,0,,,,11---5-,1,2,6,cebuyers.org|ed.ac.uk|expertconsensusoncarbonimpact.com|ferc.gov|resources.org|wsimg.com,0,0,0,
946,1,5,,,,1151145,0,0,0,,0,0,1,professional_judgment
947,0,0,,,,12----5,0,0,0,,0,0,0,
948,0,0,,,,-1---55,0,0,0,,0,0,0,
949,0,0,,,,-------,0,0,0,,0,0,0,
950,0,0,,,,-------,0,0,0,,0,0,0,
951,0,0,,,,123--55,0,0,0,,0,1,0,
952,0,0,,,,11---55,0,0,0,,0,0,0,
953,0,0,,,,------5,1,1,1,harvard.edu,0,0,0,
954,0,0,,,,44---44,0,0,0,,0,0,0,
955,0,0,rio_tinto,,,11--135,0,0,0,,0,0,0,professional_judgment
956,0,0,,,,-------,0,0,0,,0,0,0,
957,0,0,,,,33---55,0,0,0,,0,0,0,
958,1,4,,,,11--125,0,0,0,,0,0,0,
959,0,0,,,,11---45,1,5,10,brattle.com|expertconsensusoncarbonimpact.com|ghgprotocol.org|greenstrategies.com|pragmaticcarbon.com|tinyurl.com,0,0,0,
960,0,0,,,vc09,1113155,0,0,0,,0,0,0,other_specify
961,0,0,,,,-----45,0,0,0,,0,0,0,
962,0,0,,,,11---55,0,0,0,,0,0,0,
963,0,0,,,,11-----,0,0,0,,0,0,0,
964,0,0,,,,4---4-3,0,0,0,,0,0,0,
965,0,0,,,,1332113,0,0,0,,0,1,0,other_specify
966,0,0,,,,11---45,0,0,0,,0,0,0,
967,0,0,,,,3243335,1,1,1,efifoundation.org,0,0,0,
968,1,1,,,,11-4-55,0,0,0,,0,0,0,
969,0,0,,,,11---45,0,0,0,,0,0,0,
970,0,0,,,,2233255,0,0,0,,0,0,0,
971,0,0,,,,4344545,0,0,0,,0,0,0,other_specify
972,1,4,,,,1145455,1,3,10,ever.green|greenstrategies.com|harvard.edu|tinyurl.com|zerogrid.org,0,0,1,
973,1,19,,,,1144315,0,0,0,,0,1,0,
974,0,0,,,,2444445,0,0,0,,0,0,0,professional_judgment
975,0,0,,,,25-34--,1,2,3,aib-net.org|apg.at,0,0,0,other_specify
976,0,0,,,,2444355,0,0,0,,0,0,0,professional_judgment
977,1,5,,pro_hourly,,5545544,1,11,54,arxiv.org|cdp.net|cell.com|constellationenergy.com|electricitymaps.com|ember-energy.org|energytag.org|entsoe.eu|europa.eu|federalregister.gov|ft.com|ghgprotocol.org|google.com|iea.org|leveltenenergy.com|linkedin.com|matched.energy|neso.energy|nrdc.org|nrel.gov|pnas.org|prismic.io|resource-solutions.org|sciencebasedtargets.org|sciencedirect.com|ssrn.com|theclimategroup.org|transitionzero.org|trec.org.tw|zenodo.org,0,0,0,
978,0,0,,,,1144355,1,5,19,baringa.com|ethree.com|flexidao.com|ghginstitute.org|harvard.edu|mckinsey.com|mit.edu|ssrn.com|tcr-us.com|watttime.org|zerogrid.org,1,0,0,
979,0,0,,,,5555544,0,0,0,,0,0,0,
980,0,0,,,,1135555,0,0,0,,0,0,0,
981,0,0,,,,5344523,0,0,0,,0,0,0,
982,0,0,,,,5555545,1,4,4,gstatic.com|leveltenenergy.com|md.us|worldnuclearreport.org,0,0,0,
983,1,17,,pro_hourly,,5545544,1,8,35,arxiv.org|cell.com|electricitymaps.com|energytag.org|europa.eu|federalregister.gov|iea.org|leveltenenergy.com|linkedin.com|matched.energy|neso.energy|nrdc.org|nrel.gov|pnas.org|resource-solutions.org|sciencedirect.com|scopetrue.org|ssrn.com|theclimategroup.org|transitionzero.org|trec.org.tw|zenodo.org,0,0,0,
984,1,8,,,,4455544,0,0,0,,1,1,0,operator_vendor_commitments
985,0,0,,,,4------,0,0,0,,0,0,0,
986,0,0,,,,11---55,0,0,0,,0,0,0,
987,0,0,,,,424----,1,1,1,nrel.gov,0,0,0,
988,1,3,,,,11---55,0,0,0,,0,0,0,
989,0,0,,,,111--1-,1,15,61,aboutamazon.com|baringa.com|bpa.gov|ccsenet.org|cebuyers.org|cell.com|columbia.edu|doi.org|eib.org|esgtoday.com|ghginstitute.org|google.com|harvard.edu|iop.org|osti.gov|sciencedirect.com|ssrn.com|tinyurl.com|utilitydive.com|watttime.org|zerogrid.org,0,0,0,
990,0,0,,,,11--115,1,18,102,arxiv.org|bnef.com|brookings.edu|ca.gov|cop28.com|dcceew.gov.au|energy.gov|epa.gov|fasb.org|ghgprotocol.org|iea.org|ifrs.org|lbl.gov|legislation.gov.au|mckinsey.com|ren21.net|resource-solutions.org|sanity.io|sciencedirect.com|service.gov.uk|watttime.org|windows.net,0,0,0,
991,0,0,,,,-------,0,0,0,,0,0,0,
992,0,0,,,,5545454,1,1,3,regulations.gov,0,0,0,
993,0,0,,,,-------,0,0,0,,0,0,0,
994,0,0,,,,2434335,0,0,0,,0,0,1,professional_judgment
995,0,0,,,,1131245,1,5,6,ca.gov|ever.green|mckinsey.com|resource-solutions.org|singularity.energy,0,0,0,
996,0,0,,,,1125-55,1,4,6,cebuyers.org|emissionsfirst.com|linkedin.com|mckinsey.com|watttime.org,0,0,1,professional_judgment
997,0,0,,,,11---25,0,0,0,,0,0,0,
998,0,0,,,,5555553,1,2,2,sciencedirect.com|zenodo.org,0,0,0,
999,0,0,,,,11534-5,0,0,0,,0,0,0,pilot_production_use
1000,0,0,,,,5544-45,0,0,0,,0,0,0,
1001,0,1,,euro_certificate,,111--55,1,2,1,energiavirasto.fi,0,0,0,
1002,0,0,,,,34-4--5,0,0,0,,0,0,0,
1003,0,0,,,,3334444,0,0,0,,0,0,0,
1004,0,0,,,,1344255,1,3,7,abrhidro.org.br|eletrolarnews.com.br|epa.gov|epe.gov.br|gc.ca|globo.com|google.com,0,0,1,
1005,0,0,,,,-------,1,5,10,acore.org|brattle.com|expertconsensusoncarbonimpact.com|ghgprotocol.org|greenstrategies.com|pragmaticcarbon.com,0,0,0,
1006,0,0,deloitte,,,-----55,0,0,0,,0,0,0,
1007,0,0,,,,11---55,0,0,0,,0,0,0,
1008,0,0,,,,4124445,1,3,3,aemo.com.au|dcceew.gov.au,0,0,0,
1009,1,15,,,,1313135,0,0,0,,1,0,0,
1010,1,2,,,,11-----,0,0,0,,0,0,0,
1011,0,0,,,,2244555,0,0,0,,0,0,0,
1012,0,0,,,,2434455,0,0,0,,0,0,0,
1013,0,0,,,,5445545,0,0,0,,0,0,0,
1014,0,0,,,,4444344,1,1,1,mee.gov.cn,0,0,0,professional_judgment
1015,0,1,,,,232-245,0,0,0,,0,0,0,operator_vendor_commitments
1016,0,0,,,,11-1-15,0,0,0,,0,0,0,professional_judgment
1017,0,0,,,,11---55,1,1,0,,0,0,0,
1018,0,0,,,,55-55-5,0,0,0,,0,0,0,
1019,0,0,,,,11---55,0,0,0,,0,0,0,
1020,0,0,,,,11---55,0,0,0,,0,0,0,
1021,0,0,,,,112-145,0,0,0,,0,0,0,
1022,1,14,,,,5-45244,1,6,26,arxiv.org|cell.com|electricitymaps.com|energytag.org|europa.eu|federalregister.gov|iea.org|leveltenenergy.com|linkedin.com|matched.energy|neso.energy|nrdc.org|pnas.org|resource-solutions.org|sciencedirect.com|scopetrue.org|ssrn.com|theclimategroup.org|transitionzero.org|trec.org.tw|zenodo.org,0,0,1,
1023,1,22,,pro_hourly,,5545544,1,8,35,arxiv.org|cell.com|electricitymaps.com|energytag.org|europa.eu|federalregister.gov|iea.org|leveltenenergy.com|linkedin.com|matched.energy|neso.energy|nrdc.org|nrel.gov|pnas.org|resource-solutions.org|sciencedirect.com|scopetrue.org|ssrn.com|theclimategroup.org|transitionzero.org|trec.org.tw|zenodo.org,0,0,0,
1024,0,0,,,,11---55,0,0,0,,0,0,0,
1025,0,0,,,,5445251,0,0,0,,0,0,0,professional_judgment
1026,0,0,,,vc04,1135555,1,11,38,baringa.com|brattle.com|cebuyers.org|ed.ac.uk|ess-consortium.org|ever.green|expertconsensusoncarbonimpact.com|ferc.gov|ghgprotocol.org|harvard.edu|marginalimpactmethod.org|resources.org|sciencedirect.com|scopetrue.org|ssrn.com|tcr-us.com|tinyurl.com|watttime.org|wsimg.com|zerogrid.org,1,0,0,
1027,0,0,,,,44-444-,0,0,0,,0,0,0,
1028,1,1,,,,55-55-3,1,1,2,cell.com|transitionzero.org,0,0,0,
1029,0,0,,,,41-----,0,0,0,,0,0,0,
1030,0,0,,,,-------,1,2,3,bit.ly,0,0,0,
1031,0,0,,,,-------,1,9,13,ghgprotocol.org|greenprojecttech.com|openinframap.org|pwc.com|xrb.govt.nz,0,0,0,
1032,0,0,,,,324444-,0,0,0,,0,0,0,public_roadmap_docs
1033,0,0,,,,-----13,0,0,0,,0,0,0,
1034,0,0,,,,5544-3-,1,2,2,london.gov.uk|zenodo.org,0,0,0,
1035,0,0,,,,3434444,1,8,10,bcg.com|cnerg.net|energytag.org|iea.org|irena.org|seforall.org|there100.org,0,0,0,
1037,0,0,,,,1111115,0,0,0,,0,0,0,professional_judgment
1038,0,0,,,,-------,1,1,1,www.gov.uk,0,0,0,
1039,0,0,,,,4355455,0,0,0,,0,0,1,professional_judgment
1040,1,6,,,,-2---55,0,0,0,,0,0,0,
1041,0,0,,,,12-2155,0,0,0,,0,1,0,professional_judgment
1042,0,0,,,,11---55,1,1,1,sciencedirect.com,0,0,0,
1043,0,0,,,,55555-2,0,0,0,,0,0,0,
1044,0,0,,,,3333355,0,0,0,,0,0,0,
1045,0,0,,,,55-----,1,1,3,nature.com|sciencedirect.com|theccc.org.uk,0,0,0,
1046,0,0,,,,-------,0,0,0,,0,0,0,
1047,0,0,,,,111--55,0,0,0,,1,1,0,
1048,0,0,,,,11-----,0,0,0,,0,0,0,
1049,0,0,,,,11----5,0,0,0,,0,0,0,
1050,1,4,,,,55455--,1,3,3,cell.com|iea.org|zenodo.org,0,0,0,
1051,0,0,,,,11-2-54,0,0,0,,0,0,0,
1052,0,0,,,,-------,0,0,0,,0,0,0,
1053,0,0,,,,11-----,0,0,0,,0,0,0,
1054,0,0,,,,11---55,0,0,0,,0,0,0,
1055,0,0,,,,-------,1,1,3,iop.org|tandfonline.com|watttime.org,0,0,0,
1056,0,0,,,,-25---5,1,3,3,nrel.gov|ornl.gov,0,0,0,
1057,0,0,,,,11-----,1,1,0,,0,0,0,
1058,1,5,,,,1-----5,0,0,0,,0,0,0,
1059,0,0,,,,33---34,0,0,0,,0,0,0,
1060,1,1,,,,1112355,0,0,0,,0,0,1,
1061,0,0,,,,--2----,0,0,0,,0,0,0,
1062,0,0,,,,----1-5,0,0,0,,0,0,0,
1063,0,0,,,,11---35,0,0,0,,0,0,0,
1064,0,1,,,,23--2--,0,0,0,,0,0,0,operator_vendor_commitments
1066,0,0,,,,-------,0,0,0,,0,0,0,
1068,0,0,,,,-1---55,0,0,0,,0,0,0,
1069,0,0,,,,-------,0,0,0,,0,0,0,
1070,0,0,,,,55-5-4-,0,0,0,,0,0,0,
1071,0,1,,,,11---55,1,3,3,cebuyers.org,0,0,0,
1072,0,0,,,,22-4---,1,5,5,oup.com|ssrn.com,0,0,0,
1073,0,0,,,,444----,0,0,0,,0,0,0,
1074,1,1,,,,-------,0,0,0,,0,0,0,
1075,0,0,,,,------5,1,1,2,federalregister.gov|resource-solutions.org,0,0,0,
1076,0,0,,,,11---55,0,0,0,,0,0,0,
1077,0,0,,,,3333345,1,1,2,caiso.com|spp.org,0,0,0,operator_vendor_commitments
1078,0,0,,,,455442-,0,0,0,,0,0,1,professional_judgment
1079,0,0,,,,---524-,1,2,4,acs.org|arxiv.org|eia.gov|github.io,0,0,1,
1080,0,0,,,,3411-45,0,0,0,,0,0,0,
1081,0,0,,,,14-4313,0,0,0,,0,0,0,professional_judgment
1082,0,0,,,,11---55,0,0,0,,0,0,0,
1083,0,0,,,,4------,0,0,0,,0,0,0,
1085,0,0,,,,33--3--,1,4,10,doi.org|nber.org|policyintegrity.org,0,0,0,
1086,0,0,,,,112----,1,3,0,,0,0,0,
1087,0,0,,,,1133154,0,0,0,,0,0,0,professional_judgment
1088,0,0,,,,11---55,1,3,0,,0,0,0,
1089,0,0,,,,1153135,0,0,0,,0,0,1,professional_judgment
1090,0,0,,,,-------,0,0,0,,0,0,0,
1091,0,0,,,,-------,0,0,0,,0,0,0,
1092,0,0,,,,1233432,0,0,0,,0,0,1,professional_judgment
1093,0,0,,,,44445--,1,8,0,,0,0,0,public_roadmap_docs
1094,0,0,,,,------5,0,0,0,,0,0,0,
1095,0,0,,,,11-1-4-,0,0,0,,0,0,0,public_roadmap_docs
1096,0,0,,,,12343-5,0,0,0,,0,0,0,
1097,0,0,,,,11---45,0,0,0,,0,0,0,
1098,0,0,,,,55-5544,0,0,0,,0,0,0,
1099,0,0,,,,11---55,0,0,0,,0,0,0,
1100,0,0,,,,22--1-5,0,0,0,,0,0,0,
1101,0,0,,,,11---55,1,5,15,brattle.com|cebuyers.org|expertconsensusoncarbonimpact.com|ferc.gov|harvard.edu|marginalimpactmethod.org|resources.org|sciencedirect.com|tinyurl.com|wsimg.com|zerogrid.org,0,0,0,
1102,0,0,,,,3134145,0,0,0,,0,1,0,other_specify
1103,0,0,,,,11---55,1,2,0,,0,0,0,
1104,0,0,,,,-------,0,0,0,,0,0,0,
1105,0,0,,,,1155555,0,0,0,,0,0,1,
1106,0,0,,,,2----55,0,0,0,,0,0,0,
1107,0,0,,,,4545544,0,0,0,,0,0,0,
1108,0,0,,,,11-----,1,3,7,doi.org|ghgprotocol.org,0,0,0,
1109,0,8,,,,1155515,1,7,23,acore.org|baringa.com|cebuyers.org|energymonitor.ai|expertconsensusoncarbonimpact.com|ghginstitute.org|ghgprotocol.org|google.com|harvard.edu|resources.org|rmi.org|singularity.energy|ssrn.com|tcr-us.com|watttime.org|wsimg.com|zerogrid.org,0,1,0,
1110,0,0,,,,55345--,1,5,6,iop.org|medium.com|nyiso.com|singularity.energy,0,0,0,pilot_production_use
1111,0,0,mit,,,-------,0,0,0,,0,0,0,
1112,0,0,,,,5555555,0,0,0,,0,0,0,
1113,0,0,,,,55---32,1,2,2,matched.energy|zenodo.org,0,0,0,
1114,0,0,,,,-------,0,0,0,,0,0,0,
1115,0,3,,,,11-1155,0,0,0,,0,0,0,
1116,0,0,,,,34---55,0,0,0,,0,0,0,
1117,0,0,,,,11--244,0,0,0,,0,1,0,
1118,0,0,,,,1244455,0,0,0,,0,0,0,public_roadmap_docs
1119,0,0,,,,1------,0,0,0,,0,0,0,
1120,0,0,,,,3244354,1,1,1,bookandclaimcommunity.org,0,0,0,
1121,0,1,,,,232--45,0,0,0,,0,0,0,
1122,0,0,,,,55---44,0,0,0,,0,0,0,
1123,0,0,,,,1111145,0,0,0,,0,0,1,other_specify
1124,0,0,,,,11-2155,0,0,0,,0,0,1,
1125,0,0,,,,1543355,0,0,0,,0,0,0,professional_judgment
1126,0,0,,,,2224445,0,0,0,,0,0,1,professional_judgment
1127,0,0,,,,-1---45,0,0,0,,0,0,0,
1128,1,4,,,,21---45,0,0,0,,0,0,1,
1129,0,0,,,,11----5,0,0,0,,0,0,0,
1130,0,0,,,,2444434,1,1,0,,0,0,1,
1131,0,0,,,,11----5,0,0,0,,0,0,0,
1132,0,0,,,,12-545-,0,0,0,,0,0,1,
1134,0,0,,,,11--555,0,0,0,,0,0,0,
1135,0,0,,,,-------,1,1,0,,0,0,0,
1136,0,0,,semi,vc02,1133125,1,7,10,brattle.com|cebuyers.org|ed.ac.uk|epa.gov|expertconsensusoncarbonimpact.com|ghgprotocol.org|marginalimpactmethod.org|mckinsey.com|watttime.org|wsimg.com,0,0,0,professional_judgment
1137,0,0,,,,-------,1,1,1,org.hk,0,0,0,
1138,0,0,,,,11---25,0,0,0,,0,0,0,
1139,0,0,mit,,,11-3---,1,2,3,harvard.edu|zerogrid.org,0,0,0,
1140,0,0,,,,-------,0,0,0,,0,0,0,
1141,0,0,,,,5144--3,0,0,0,,0,0,0,
1142,0,0,,,,5555544,0,0,0,,0,0,0,
1143,0,0,,,,5555513,0,0,0,,0,0,0,
1144,0,0,,,,333--33,0,0,0,,0,0,0,
1145,0,0,,,,-------,0,0,0,,0,0,0,
1146,0,0,,,,13155-1,0,0,0,,0,0,1,professional_judgment
1147,0,0,,,,-3---3-,0,0,0,,0,0,0,
1148,0,0,,,,4------,0,0,0,,0,0,0,
1149,0,0,,,,15---4-,0,0,0,,0,0,0,
1150,0,0,,,,-------,0,0,0,,0,0,0,
1151,0,0,,,,2315345,0,0,0,,0,0,0,other_specify
1152,0,0,,,,24---5-,0,0,0,,0,0,0,
1154,0,0,,,,244--15,0,0,0,,0,0,0,
1155,1,5,,,,11-2145,0,0,0,,0,0,1,
1156,0,0,,,,-------,0,0,0,,0,0,0,
1157,0,0,,,,11-----,0,0,0,,0,0,0,
1158,0,0,,,,-1----5,0,0,0,,0,0,1,
1159,0,0,,,,-------,0,0,0,,0,0,0,
1160,0,0,,,,-------,0,0,0,,0,0,0,
1161,0,0,,,,-------,0,0,0,,0,0,0,
1162,0,0,engie,,,423--55,0,0,0,,0,0,0,
1163,0,0,,,,4455455,0,0,0,,0,0,1,public_roadmap_docs
1164,0,0,,,,43-5244,0,0,0,,0,0,0,professional_judgment
1165,1,5,,,,11---55,0,0,0,,0,0,0,
1166,0,0,,,,----5--,0,0,0,,0,0,0,
1167,0,0,,,,1------,0,0,0,,0,0,0,
1168,1,2,,,,111--55,0,0,0,,0,0,0,
1169,0,0,rio_tinto,,,11---55,0,0,0,,0,0,0,
1171,0,0,,,,3---3--,0,0,0,,0,0,0,
