cluster_hash,n_respondents,n_named,n_redacted,chars,question_numbers,preview_240,has_citation,member_ids
defb3c15ce5fc92124630a340c073769130f21fc,6,0,6,788,18|20,"while consequential accounting may provide useful insights for policy or system-level analysis, it is not a practical framework for corporate reporting — especially in complex global supply chains such as semiconductors. the approach requir",0,43|45|47|60|79|82
716569a8f31c0d44d15bbc71d64066c9299bb681,5,0,5,218,23,"when calculating the secondary effect when quantifying the emission effect, there is a concern about the possibility of ghg duplication calculation, so it is desirable to consider only the primary effect at this point.",0,43|47|60|79|82
eeb7bf6f3885790ae6c269d77c12d117078f060b,4,1,3,1342,18,"challenges: • lifetime quantification of impacts is subject to uncertainties and errors similar to those seen historically in carbon offset redd+ projects, which can change significantly from what may have seemed reasonable or logical in th",0,51|86|89|117
b246cc59214889d01ef850d5a601d10a51a45618,4,1,3,634,29,"• financial analysis: difficult to determine if the project would or would not have been pursued without the additional revenue stream, as there are many variables for “go/no go” decisions. • barrier: how to demonstrate if significant techn",0,51|86|89|117
2dfe7d11c12e0309d71363eed0de14f09586af17,4,1,3,435,27,"• timing: to claim additionality, an organization’s actions should contribute towards the additional generation brought online in a demonstrable way. purchases of existing/legacy generation projects are challenged to claim they added to re ",0,51|86|89|117
650e952606b54c1c4f858b83f915b9fb39e6a320,4,1,3,431,23,it should not be the responsibility of organizations to consider how the grid might respond to a renewable project implemented for the benefit of said organization. the organization is seeking to reduce its own footprint by controlling what,0,51|86|89|117
47b8a9a5bf5ff593ae7860884afc4215ce8b436c,4,1,3,330,44,"countries can widely vary in size – those that are smaller can comfortably utilize a country-level granularity for marginal emission rates. some countries may have grid region data readily available, which may be used for such calculations.",0,51|86|89|117
eb664fe6bba0748018ddc5fadd59dbf925ec1330,4,1,3,296,40,• policy scenario: re deployment has not shown to historically match well with stated policies and thus may paint an inaccurate picture of what will realistically be built in the future. • capacity expansion modelling: uses scenarios based ,0,51|86|89|117
c1ab8635b29467020f324e0c1bca48f5d8163809,3,3,0,964,18,the ghgp project standard must be aligned with the corporate standard to make consequential accounting useful for companies. consequential carbon accounting based on the proposed approach will phase inconsistency issues towards established ,0,69|84|85
ae761e975caed1c65fb74c04a9d0c38e24e882e6,3,3,0,736,29,the proposed additionality test must be described in more detail in order to be able for stakeholders to provide a final feedback. the information provided regarding each additionality test is not sufficient to provide a final feedback on t,0,69|84|85
5cf9f500e47f2ab6509bf0e2a7b64f556f75b006,3,0,3,501,25,"if we agree that the purpose of consequential accounting in this context is to measure routine impacts as a result of consumption and generation to inform target setting, consequential metrics must be reported annually, consistent with inve",0,150|170|187
226605d0a9706b26dd21856ecdc0073117769eeb,3,1,2,369,25,"similar to the current scope 3.11 methodology for sold goods and services total lifetime footprinting, a reasonable estimate for the lifetime of the project should be made at the initial project completion. there is no additional value-add ",0,51|86|89
c3a97f8d67fafda8b99b6d0e315b85d299b749d3,3,1,2,330,37,"• sced – locational: inappropriate to estimate marginal emissions rates for each node of the grid • heat-rate/lmp: inappropriate to assume lmp reflects the variable operating cost of the marginal unit, then using it to infer the heat rate o",0,51|86|89
98dd9d92614d6154b57dfb1412506899ed4efe99,3,0,3,257,46,"mers should be as granular as possible given available data. where hourly data are not available, annual would be better than no data. refer to mer hierarchy as proposed by the twg on page 2 of this table: https://marginalimpactmethod.org/a",1,150|170|187
e1dff7cf99e9b9573415b454241a6ba2452ce4c6,2,2,0,3792,27,"the multiple-choice options are not well-suited to the range of potential scenarios for additionality, which could skew survey results for the ghg protocol secretariat. if “not relevant/applicable” was an option, it would enable respondents",1,131|133
8d0f99fc56835b8ba5a62762512809345b14f626,2,1,1,2136,27,"1. timing test: for a project to be considered “additional,” the timing test is necessary to require a pre-financing contractual commitment to pay for the bundled new renewable energy generating capacity & eacs produced by the project. if t",0,24|39
4bc36ac2d62a9f63cf82d84f90937e60248dd891,2,2,0,1894,29,"when considering the practical feasibility of additionality tests, it is essential that end‑users be able to make determinations based on information they can reasonably obtain and verify themselves. from this standpoint, the regulatory tes",0,108|109
5c93dcdc5152ba430d205c658f87793db602f4cd,2,1,1,1539,22,"the human health impacts of renewable energy should be considered including, but not limited to, avoided pollution, public health, ecosystem and economic impacts. this analysis can include (1) global perspective: net benefits analysis integ",0,24|39
e321a8e718b80528b8ed64ec87a327acb3ca43ff,2,0,2,1105,20,"the formula as written will not be useful for consequential accounting, as it is currently only applicable to emissions avoided by procurement and does not allow calculation of emissions caused by consumption. the ability to calculate emiss",1,110|173
68439c7eff9f4b9402f01483ce7a314d872e82fd,2,2,0,1063,18,potential benefits: • greater transparency and accuracy in assessing the real climate impact of projects and investments. • incentive for renewable projects in high-carbon-intensity regions. • alignment with long-term decarbonization polici,0,151|183
060ea87470893b01b439d100b9ad223e134629a6,2,2,0,1054,34,"the level of rigor required for additionality tests should be calibrated to the type of claim an organization seeks to communicate. for association‑based claims, where the objective is simply to demonstrate a connection between the corporat",0,108|109
4a02556e9b6dbd3ea1aa154a82d6879d57637665,2,2,0,1030,27,"ensuring that additionality assessments can be applied fairly across diverse markets and policy environments, while accurately capturing the material contribution that corporate actions make to the power system, is essential. from this pers",0,108|109
442e81fa48fb75861e3babfbb0a0cbbea6e42f5a,2,0,2,1002,40,"although build margin is less knowable than operating margin, we support models that are 1) accessible and 2) minimize use of assumptions. recent capacity additions and average emissions rates fit these criteria, supported by research from ",1,170|187
6f38298ab78e30cd2aefe98d12b977bc3ca30944,2,2,0,877,32,"while designing additionality tests that account for regional differences may be theoretically reasonable, introducing region‑specific combinations of tests from the outset would increase complexity and impose greater practical and explanat",0,108|109
c48157debd19d69168e90b02e933ec85f2fb8312,2,2,0,701,46,we recommend annual reporting. assessing emission impacts each year by multiplying procured electricity volumes with hourly and regional marginal emission rates enables more effective progress tracking and continuous improvement. because gr,0,108|109
59a4608eeb5f57147687ddf95adc41d789040362,2,2,0,614,20,"we find the proposed equation appropriate. the approach, which multiplies electricity consumption (mwh) by the marginal emission rate (mer) for each hour and aggregates the results, is appropriate because it accurately reflects the fact tha",0,108|109
be5fcfc0ed6142fdf91e39950331d7088f70000f,2,2,0,544,22,"the following should be considered: • emissions avoided due to hydroelectric flexibility: hydro plants enable the integration of wind and solar, reducing the need for thermal generation. • grid expansion impacts: renewable projects can defe",0,151|183
32c302a661586191841c1c550a26a5206bc7bfe5,2,1,1,538,20,"quantification of a marginal emission rate applicable to grid region on an annual basis is reasonable. requiring an hourly accounting of such emission rates is not, and represents a significant unnecessary burden to reasonably quantify the ",0,86|89
1433ed29637f6df208dc78d780a5de6a9ced94ea,2,1,1,520,30,"optional project capacity test: the standard could include an optional minimum capacity test that is region-specific, allowing for that amount to be procured individually or in aggregate (e.g. 50mw for u.s. solar). this scale encourages the",0,24|39
81c23b16c432ee1bb8cd6045dbdc0a49033ccf89,2,2,0,520,25,"electricity‑related project emission impacts should be calculated and reported on an annual basis. because marginal emission rates (mers) and underlying power‑system conditions change from year to year, evaluating emission impacts only once",0,108|109
d668d88eef1a6638983bf359c1cead72f1ac15e9,2,2,0,461,20,"the proposed formula is overly simplified and does not capture the complexity of the brazilian national interconnected system (sin). it assumes the availability of hourly marginal emission data, which is not representative in a system with ",0,151|183
2cc06ebded755192baa46175f251759b22ce11fc,2,2,0,424,44,"we recommend grid regions as the appropriate spatial granularity. grid regions capture geographic differences in marginal emission rates and therefore provide higher accuracy than national or broad average emission factors, while avoiding e",0,108|109
6ca473c77080bb873df8483552b92e503015d0c9,2,0,2,381,23,our view is that the purpose of consequential accounting in this context should be to measure routine impacts that happen annually as a result of consumption and generation. the purpose should not be a full project assessment so reporting e,0,150|187
9d347f5a70a2394fb0e90b14af489217aa4b935a,2,0,2,362,34,"it depends on the purpose. for a causal claim, yes, a rigorous additionality test should be required. for an association claim, which is essentially the process of comparing marginal emissions from consumption and generation without a stric",0,150|170
004ce40c89b77ff1753713ae0a962c3501a079b8,2,2,0,334,25,"the climate impact of a renewable project is a cumulative result over its lifetime. annual reporting introduces accounting noise and does not reflect real additionality. moreover, in brazil, ppa and rec contracts are long-term (20+ years), ",0,151|183
e60ea5e6b2b4d53170e290ea4d9b2637bda45214,2,2,0,282,29,"we are highlighting what we believe is most feasible. some of the other tests may be feasible, but we are not able to assess whether they will be replicably effective tests. as described in the answer in question 27, most test are not appli",0,131|133
2e13df50deb7b902ce230010f9d491c6095aafaa,2,2,0,230,46,"hourly granularity is technically possible, but in brazil it should be used with caution due to the predominance of hydroelectric plants (which have seasonal, not hourly, dispatch). annual data is sufficient for most applications.",0,151|183
df03dbb5c40a9e2cbc6965db709accc6cdf82414,2,2,0,226,32,• brazil (sin): policy-based tests are less relevant; contract (ppa) and common practice tests are more appropriate. • europe/usa: regulatory and financial tests are more applicable due to mature markets and specific policies.,0,151|183
