respondent_id,display_name,note
72,Gaia Environment,organisation field carries a role description
325,Just Share,organisation field carries a disclaimer
385,Fortum,organisation field carries a company description
386,,"organisation field is ""Employee"" - not identifiable"
404,Society for Corporate Governance,organisation field carries a description
414,,"organisation field is ""Sustainability Team"" - not identifiable"
605,The 0-Mission,organisation field carries a URL
787,"Hitachi, Ltd.",organisation field lists department first
842,,"organisation field is ""consulting"" - not identifiable"
907,Clean Energy Buyers Association (CEBA),organisation field carries a description
1025,Risskov Teknik og Solar,organisation field carries a personal bio
1085,"Institute for Policy Integrity, NYU School of Law",organisation field lists authors before affiliation
1090,EVA Platform Ltd,trading name dropped
1099,National Association of Manufacturers,organisation field lists a job title first
