quote_prefix,system_impact,beyond_sss,sufficiency,consequential,mechanisms,confidence,quote,note
MBM should reflect the emissions impact of clean energy contracts,support_mbm,implicit,wrong_direction,,,,,"Shared template (7): MBM should reflect contracts' emissions impact instead of physical deliverability"
The combination of these pillars within the Scope 2 standard,support_mbm,sss_enough,far_enough,,,,,"Shared template (7): hourly + deliverability + SSS pillars together drive impact"
"Hourly matching, deliverable market boundaries, Incrementality",support_mbm,sss_enough,far_enough,,,,,"Shared one-line Q152 answer (6) naming the three proposal pillars"
A pathway that uses hourly matching and deliverable market boundaries,support_mbm,implicit,not_far_enough,,,,,"Shared template (6): build on hourly + deliverability with more impact"
Rather than mandating hourly matching or restricting market boundaries,support_mbm,implicit,wrong_direction,,,,,"Shared template: additional impact incentivised and recognised within the reporting framework instead of hourly mandates"
additional impact should be incentivized and encouraged,support_mbm,implicit,wrong_direction,,,,,"Same template, quoted from its second sentence"
reduced carbon impacts associated with mandatory hourly matching,neutral,na,wrong_direction,,,,,"Shared template (5): hourly matching reduces carbon impact; no stance on MBM driving impact"
"Overall, we are advocating for consequential metrics to complement attributional inventories",separate_only,na,,separate,,,,"Hand review: wants consequential metrics without overhauling Scope 2"
Prior research on modeling the system impacts of these criteria,,,,not_addressed,,,,"Hand review: quote argues additionality matters, not that consequential accounting should replace the MBM"
