question_id,question_number,column_index,section_order,section,question_type,role,scale_construct,scale_anchor_low,scale_anchor_high,scale_note,parent_question,anchor_question,references_questions,n_answered,response_rate_pct,n_options,n_write_in_selections,review_option_split,max_answer_chars,question_text,question_text_short,notes
Q003,3,2,1,Respondent profile,single_select,profile,,,,,,,,1072,100.0,2,0,0,3,Would you like to request the redaction of this information for your responses,Would you like to request the redaction of this information for your responses,
Q004,4,3,1,Respondent profile,free_text,profile,,,,,,,,498,46.5,,0,0,450,Name,Name,Free-text name. Populated only for respondents who did not request redaction.
Q005,5,4,1,Respondent profile,free_text,profile,,,,,,,,498,46.5,,0,0,3890,Organizational Affiliation,Organizational Affiliation,Free-text organisational affiliation; not a controlled vocabulary. Some respondents pasted long descriptions rather than an organisation name.
Q006,6,5,1,Respondent profile,single_select,profile,,,,,,,,1072,100.0,56,0,0,25,Country,Country,
Q008,8,6,1,Respondent profile,single_select,profile,,,,,,,,1072,100.0,2,0,0,3,Would you like to receive email updates from GHG Protocol by being added to our newsletter list?,Would you like to receive email updates from GHG Protocol by being added to our newsletter list?,
Q009,9,7,1,Respondent profile,single_select,profile,,,,,,,,1072,100.0,2,0,0,12,Are you responding as an individual or on behalf of your organization?,Are you responding as an individual or on behalf of your organization?,
Q010,10,8,1,Respondent profile,single_select,profile,,,,,,,,1072,100.0,3,0,0,35,Does your organization have a greenhouse gas inventory?,Does your organization have a greenhouse gas inventory?,
Q011,11,9,1,Respondent profile,free_text,profile,,,,,,,,151,14.1,,0,0,3991,"If you selected ""Other,"" please specify.","If you selected ""Other,"" please specify.",
Q012,12,10,1,Respondent profile,single_select,profile,,,,,,,,1072,100.0,4,0,0,106,Are you involved in developing your organization’s greenhouse gas inventory?,Are you involved in developing your organization’s greenhouse gas inventory?,
Q013,13,11,1,Respondent profile,free_text,profile,,,,,,,,75,7.0,,0,0,2019,"If you selected ""Other,"" please specify.","If you selected ""Other,"" please specify.",
Q014,14,12,1,Respondent profile,single_select,profile,,,,,,,,1072,100.0,15,0,0,67,What is your organization type?,What is your organization type?,
Q015,15,13,1,Respondent profile,free_text,profile,,,,,,,,93,8.7,,0,0,1363,"If you selected ""Other,"" please specify.","If you selected ""Other,"" please specify.",
Q016,16,14,1,Respondent profile,single_select,profile,,,,,,,,1072,100.0,29,0,0,68,What is your organization’s sector? Note that GCIS codes are included where applicable.,What is your organization’s sector? Note that GCIS codes are included where applicable.,
Q017,17,15,1,Respondent profile,free_text,profile,,,,,,,,162,15.1,,0,0,3685,"If you selected ""Other,"" please specify.","If you selected ""Other,"" please specify.",
Q018,18,16,2,Scope 2 definition,free_text,free_text_primary,,,,,,18,,766,71.5,,0,0,3999,"Please provide any feedback on the proposal to refine the definition of scope 2, to emphasize its role within an attributional value chain GHG inventory and clarify that scope 2 must only include emissions from electricity generation processes that are physically connected to the reporter’s value chain, excluding any emissions from unrelated sources?","Please provide any feedback on the proposal to refine the definition of scope 2, to emphasize its role within an attribu",
Q019,19,17,3,LBM and MBM definitions,free_text,free_text_primary,,,,,,19,,621,57.9,,0,0,3994,"Please provide any feedback on the proposal to clarify the LBM definition to reflect scope 2 emissions from generation physically delivered at the times and locations of consumption, with imports included in LBM emission factor calculations where applicable?",Please provide any feedback on the proposal to clarify the LBM definition to reflect scope 2 emissions from generation p,
Q020,20,18,3,LBM and MBM definitions,free_text,free_text_primary,,,,,,20,,790,73.7,,0,0,3998,"Please provide any feedback on the proposal to clarify the MBM definition to retain its existing basis, quantifying scope 2 from contractually purchased electricity via contractual instruments, while specifying temporal correlation and deliverability when matching instruments to consumption?","Please provide any feedback on the proposal to clarify the MBM definition to retain its existing basis, quantifying scop",
Q021,21,19,4,Purposes of the location-based and market-based methods,free_text,free_text_primary,,,,,,21,,443,41.3,,0,0,3952,Please provide any feedback on the proposed purposes of the location-based method.,Please provide any feedback on the proposed purposes of the location-based method.,
Q022,22,20,4,Purposes of the location-based and market-based methods,free_text,free_text_primary,,,,,,22,,580,54.1,,0,0,4000,Please provide any feedback on the proposed purposes of the market-based method.,Please provide any feedback on the proposed purposes of the market-based method.,
Q023,23,21,5,LBM emission factor hierarchy,likert_1_5,primary,support,1 = does not support,5 = strongly supports,Support for the updated LBM emission factor hierarchy.,,23,,715,66.7,5,0,0,1,"On a scale of 1 - 5, do you support the update to the location-based emission factor hierarchy to identify the most precise location-based emission factor accessible according to spatial boundaries, temporal granularity, and emission factor type (consumption or production)?","On a scale of 1 - 5, do you support the update to the location-based emission factor hierarchy to identify the most prec",
Q024,24,22,5,LBM emission factor hierarchy,multi_select,reasons_support,,,,,23,23,,473,44.1,12,0,0,1014,"Please provide your reasons for support, if any.","Please provide your reasons for support, if any.",
Q025,25,23,5,LBM emission factor hierarchy,free_text,comment,,,,,24,23,,311,29.0,,0,0,3992,Please provide comments regarding your reasons for support.,Please provide comments regarding your reasons for support.,
Q026,26,24,5,LBM emission factor hierarchy,multi_select,reasons_oppose,,,,,25,23,,571,53.3,10,0,0,952,"Please provide your concerns or reasons for why you are not supporting, if any.","Please provide your concerns or reasons for why you are not supporting, if any.",
Q027,27,25,5,LBM emission factor hierarchy,free_text,comment,,,,,26,23,,465,43.4,,0,0,3997,Please provide comments regarding your reasons for why you are not supporting (if any).,Please provide comments regarding your reasons for why you are not supporting (if any).,
Q028,28,26,5,LBM emission factor hierarchy,free_text,free_text_primary,,,,,,28,,234,21.8,,0,0,3893,"For different views on the order the hierarchy should be applied (e.g. preference for consumption-based emission factors, then spatial boundary, then temporal granularity) please explain the preference for consumption based emission factors, then spatial boundary, then temporal granularity) please explain the preferred order.",For different views on the order the hierarchy should be applied (e.g. preference for consumption-based emission factors,
Q029,29,27,5,LBM emission factor hierarchy,free_text,comment,,,,,28,23,,352,32.8,,0,0,3958,"Regarding regions that you operate in or have experience in, please provide comments on whether the LBM emission factor hierarchy allows you to identify an accessible emission factor that appropriately reflects how electricity is delivered in that region (please clearly identify the region you are referring to in your answer).","Regarding regions that you operate in or have experience in, please provide comments on whether the LBM emission factor ",
Q030,30,28,5,LBM emission factor hierarchy,free_text,comment,,,,,29,23,,324,30.2,,0,0,3990,"Regarding regions that you operate in or have experience in, please provide comments on whether the LBM emission factor hierarchy is likely to cause any region-specific challenges in its application (provide specific examples, and clearly identify the region you are referring to in your answer).","Regarding regions that you operate in or have experience in, please provide comments on whether the LBM emission factor ",
Q031,31,29,5,LBM emission factor hierarchy,single_select,primary,,,,,,31,,550,51.3,5,0,0,86,"Do you agree that “local boundary” should be listed as the most precise spatial boundary for LBM emission factors? If not, select which should be listed as the most precise spatial boundary?",Do you agree that “local boundary” should be listed as the most precise spatial boundary for LBM emission factors? If no,
Q032,32,30,5,LBM emission factor hierarchy,free_text,other_specify,,,,,31,31,31,160,14.9,,0,0,3954,"If you selected ""Other"" in question 31, please describe","If you selected ""Other"" in question 31, please describe",
Q033,33,31,5,LBM emission factor hierarchy,single_select,primary,,,,,,33,,452,42.2,5,0,0,220,"Should the LBM emission factor hierarchy be adjusted to include the deliverable market boundaries outlined in the proposed MBM Methodologies for demonstrating deliverability where they do not already overlap? If so, should they be included in addition to, or as a replacement for, the spatial boundaries currently proposed in the hierarchy?",Should the LBM emission factor hierarchy be adjusted to include the deliverable market boundaries outlined in the propos,
Q034,34,32,5,LBM emission factor hierarchy,free_text,comment,,,,,33,33,33,321,29.9,,0,0,3989,Please provide additional explanations or further details regarding your answer to question 33,Please provide additional explanations or further details regarding your answer to question 33,
Q035,35,33,6,Definition of 'accessible',likert_1_5,primary,support,1 = does not support,5 = strongly supports,Support for the new definition of 'accessible'.,,35,,602,56.2,5,0,0,1,"On a scale of 1-5 do you support the new definition of accessible: publicly available, free to use, and from a credible source?","On a scale of 1-5 do you support the new definition of accessible: publicly available, free to use, and from a credible ",
Q036,36,34,6,Definition of 'accessible',multi_select,reasons_support,,,,,35,35,,543,50.7,9,0,0,508,"Please provide your reasons for support, if any","Please provide your reasons for support, if any",
Q037,37,35,6,Definition of 'accessible',free_text,comment,,,,,36,35,,272,25.4,,0,0,2597,Please provide comments regarding your reasons for support.,Please provide comments regarding your reasons for support.,
Q038,38,36,6,Definition of 'accessible',multi_select,reasons_oppose,,,,,37,35,,363,33.9,6,0,0,612,Please provide your concerns or reasons for why you are not supporting (if any).,Please provide your concerns or reasons for why you are not supporting (if any).,
Q039,39,37,6,Definition of 'accessible',free_text,comment,,,,,38,35,,257,24.0,,0,0,3893,Please provide comments regarding your reasons for concern (if any).,Please provide comments regarding your reasons for concern (if any).,
Q040,40,38,6,Definition of 'accessible',multi_select,primary,,,,,,40,,528,49.3,6,0,0,192,Which entities should qualify as credible sources (select all options that apply),Which entities should qualify as credible sources (select all options that apply),
Q041,41,39,6,Definition of 'accessible',free_text,comment,,,,,40,40,,301,28.1,,0,0,3587,"Please provide additional comments concerning your selected credible sources, including at least one example per region you operate in or have experience with, if possible.","Please provide additional comments concerning your selected credible sources, including at least one example per region ",
Q042,42,40,6,Definition of 'accessible',multi_select,comment,,,,,40,40,40,250,23.3,6,0,0,289,"If you selected independent methodologies in question 40, please describe what documentation or assurance (if any) is needed for it to be recognized as a credible source?","If you selected independent methodologies in question 40, please describe what documentation or assurance (if any) is ne",
Q043,43,41,6,Definition of 'accessible',free_text,comment,,,,,42,40,42,133,12.4,,0,0,3236,Please provide any additional comments concerning your selected minimum criteria in question 42.,Please provide any additional comments concerning your selected minimum criteria in question 42.,
Q044,44,42,7,LBM requirement: most precise accessible emission factor,likert_1_5,primary,support,1 = does not support,5 = strongly supports,Support for requiring the most precise accessible LBM emission factor.,,44,,570,53.2,5,0,0,1,On a scale of 1-5 do you support the update to the requirement to use the most precise location-based emission factor accessible for which activity data is also available?,On a scale of 1-5 do you support the update to the requirement to use the most precise location-based emission factor ac,
Q045,45,43,7,LBM requirement: most precise accessible emission factor,multi_select,reasons_support,,,,,44,44,,390,36.4,13,0,0,802,"Please provide your reasons for support, if any.","Please provide your reasons for support, if any.",
Q046,46,44,7,LBM requirement: most precise accessible emission factor,free_text,comment,,,,,45,44,,183,17.1,,0,0,3972,Please provide any additional comments regarding your reasons for support.,Please provide any additional comments regarding your reasons for support.,
Q047,47,45,7,LBM requirement: most precise accessible emission factor,multi_select,reasons_oppose,,,,,46,44,,455,42.4,7,0,0,722,Please provide your concerns or reasons for why you are not supporting.,Please provide your concerns or reasons for why you are not supporting.,
Q048,48,46,7,LBM requirement: most precise accessible emission factor,free_text,comment,,,,,47,44,,321,29.9,,0,0,3952,Please provide any additional comments regarding your concerns or reasons why you are not supporting (if any).,Please provide any additional comments regarding your concerns or reasons why you are not supporting (if any).,
Q049,49,47,7,LBM requirement: most precise accessible emission factor,free_text,free_text_primary,,,,,,49,,203,18.9,,0,0,3893,"For concerns or support for alignment with mandatory or voluntary reporting requirements in your region, please provide an example of the programmatic requirements and the impacts of these changes on alignment.","For concerns or support for alignment with mandatory or voluntary reporting requirements in your region, please provide ",
Q050,50,48,7,LBM requirement: most precise accessible emission factor,free_text,free_text_primary,,,,,,50,,320,29.9,,0,0,3893,"For concerns that the most precise spatial boundary (local boundary) is too granular to be required even if emission factors are accessible, please outline why and identify whether reporting at this level of granularity should be a “may”, “should” or “shall not” requirement?",For concerns that the most precise spatial boundary (local boundary) is too granular to be required even if emission fac,
Q051,51,49,7,LBM requirement: most precise accessible emission factor,free_text,comment,,,,,50,44,,202,18.8,,0,0,3893,"For concerns that choosing an accessible factor over a more accurate “non-accessible” one can reduce accuracy and decision-usefulness please describe the conditions when a non-accessible factor should be required to be used over an accessible one (e.g material difference threshold, investor relevance), and what transparency/assurance is needed (public methods, QA/QC, independent assurance). Please note any cost/effort implications.",For concerns that choosing an accessible factor over a more accurate “non-accessible” one can reduce accuracy and decisi,
Q052,52,50,8,LBM decision-usefulness and comparability,ordinal_select,primary,ordinal,,,,,52,,482,45.0,5,0,0,72,"Considering investor and assurance needs, how do the proposed location-based method revisions change the extent to which information is decision-useful to users relative to incremental cost and complexity for preparers?","Considering investor and assurance needs, how do the proposed location-based method revisions change the extent to which",
Q053,53,51,8,LBM decision-usefulness and comparability,free_text,comment,,,,,52,52,52,328,30.6,,0,0,3947,Please provide additional context for your answer to question 52.,Please provide additional context for your answer to question 52.,
Q054,54,52,8,LBM decision-usefulness and comparability,ordinal_select,primary,ordinal,,,,,54,,448,41.8,5,0,0,72,"Considering investor and assurance needs, how do the proposed location-based revisions change the comparability of information relative to incremental cost and complexity for users?","Considering investor and assurance needs, how do the proposed location-based revisions change the comparability of infor",
Q055,55,53,8,LBM decision-usefulness and comparability,free_text,comment,,,,,54,54,54,277,25.8,,0,0,2088,Please provide additional context for your answer to question 54,Please provide additional context for your answer to question 54,
Q056,56,54,8,LBM decision-usefulness and comparability,single_select,basis,,,,,55,54,"52,53,54,55",408,38.1,5,0,0,66,"For question 52-55, please provide the basis for your assessment.","For question 52-55, please provide the basis for your assessment.",
Q057,57,55,9,LBM hourly data availability,ordinal_select,primary,ordinal,,,,,57,,468,43.7,7,0,0,14,"At the Operational Grid Boundary level (of the proposed location-based emission factor hierarchy), what share of your load has hourly emission factors accessible: (select one)","At the Operational Grid Boundary level (of the proposed location-based emission factor hierarchy), what share of your lo",
Q058,58,56,9,LBM hourly data availability,free_text,comment,,,,,57,57,57,258,24.1,,0,0,1391,Please provide additional context for your answer to question 57,Please provide additional context for your answer to question 57,
Q059,59,57,9,LBM hourly data availability,ordinal_select,primary,ordinal,,,,,59,,454,42.4,7,0,0,14,Please indicate the share of your load with hourly activity data available: (select one),Please indicate the share of your load with hourly activity data available: (select one),
Q060,60,58,9,LBM hourly data availability,free_text,comment,,,,,59,59,"57,58,59",181,16.9,,0,0,3893,"If your answer to questions 57 & 59 includes significant geographical differences (some regions with hourly emission factor and higher volumes of hourly activity data, other regions with minimal hourly activity data and/or no hourly emission factors), please include additional context.",If your answer to questions 57 & 59 includes significant geographical differences (some regions with hourly emission fac,
Q061,61,59,9,LBM hourly data availability,free_text,comment,,,,,60,59,,335,31.2,,0,0,3966,"When actual hourly activity data are unavailable, and solely to enable use of more precise LBM emission factors, the proposed revisions allow a reporter to use load profiles to approximate hourly data from monthly or annual load data. How would the use of load profiles affect the comparability, relevance, and usefulness of LBM inventories relative to your current practice? Please describe potential advantages, limitations, and any conditions under which impacts may differ.","When actual hourly activity data are unavailable, and solely to enable use of more precise LBM emission factors, the pro",
Q062,62,60,10,"LBM cost, effort and readiness",scale_labeled,primary,effort_labeled,1 - Minimal effort,5 - High effort,Incremental preparer cost/effort for the LBM revisions. 'Not applicable (not a preparer)' is off-scale and left null.,,62,,497,46.4,6,0,0,31,"On a scale of 1-5, please indicate the incremental preparer cost/effort to implement the proposed revisions to the location-based method.","On a scale of 1-5, please indicate the incremental preparer cost/effort to implement the proposed revisions to the locat",
Q063,63,61,10,"LBM cost, effort and readiness",multi_select,primary,,,,,,63,,475,44.3,11,19,0,1158,Please select the main drivers of cost/effort.,Please select the main drivers of cost/effort.,
Q064,64,62,10,"LBM cost, effort and readiness",free_text,comment,,,,,63,63,,260,24.3,,0,0,3893,Please provide additional context on the main drivers of cost/effort.,Please provide additional context on the main drivers of cost/effort.,
Q065,65,63,10,"LBM cost, effort and readiness",multi_select,primary,,,,,,65,,467,43.6,7,0,0,186,Which two measures would most reduce burden in your context?,Which two measures would most reduce burden in your context?,
Q066,66,64,10,"LBM cost, effort and readiness",free_text,comment,,,,,65,65,,260,24.3,,0,0,3893,Please provide additional context on the measures that would most reduce burden in your context.,Please provide additional context on the measures that would most reduce burden in your context.,
Q067,67,65,10,"LBM cost, effort and readiness",ordinal_select,primary,ordinal,,,,,67,,465,43.4,7,0,0,57,For which reporting year would your organization be ready to apply the revised LBM requirements based on these proposed changes in its GHG inventory?,For which reporting year would your organization be ready to apply the revised LBM requirements based on these proposed ,Options 'Reporting year 2030 (inventory prepared in 2031) or later' and 'Later than Reporting year 2030' overlap; ranks 4 and 5 are assigned in that order but the distinction is ambiguous as worded.
Q068,68,66,10,"LBM cost, effort and readiness",free_text,comment,,,,,67,67,,261,24.3,,0,0,2800,Please provide additional context regarding how this timeline could be shortened and note any region or sector-specific context.,Please provide additional context regarding how this timeline could be shortened and note any region or sector-specific ,
Q069,69,67,11,Deliverable market boundary and exemption threshold preferences,single_select,primary,,,,,,69,,495,46.2,4,0,0,100,"If you have operations or experience in the US, please select your preferred deliverable market boundary for the US.","If you have operations or experience in the US, please select your preferred deliverable market boundary for the US.",
Q070,70,68,11,Deliverable market boundary and exemption threshold preferences,ordinal_select,primary,ordinal,,,,,70,,651,60.7,3,0,0,7,"All respondents, please select your preferred exemption threshold per deliverable market boundary.","All respondents, please select your preferred exemption threshold per deliverable market boundary.","Asked of all respondents, ahead of the exemption design questions in section 25; question 159 asks respondents to revisit this choice."
Q071,71,69,12,MBM Quality Criterion 4: hourly matching,likert_1_5,primary,support,1 = does not support,5 = strongly supports,Support for Quality Criterion 4 (hourly matching).,,71,,909,84.8,5,0,0,1,"On a scale of 1-5 do you support an update to Quality Criteria 4 to require that all contractual instruments used in the market-based method be issued and redeemed for the same hour as the energy consumption to which the instrument is applied, except in certain cases of exemption.",On a scale of 1-5 do you support an update to Quality Criteria 4 to require that all contractual instruments used in the,
Q072,72,70,12,MBM Quality Criterion 4: hourly matching,multi_select,reasons_support,,,,,71,71,,378,35.3,11,0,0,821,"Please provide reasons for support, if any.","Please provide reasons for support, if any.",
Q073,73,71,12,MBM Quality Criterion 4: hourly matching,free_text,comment,,,,,72,71,,289,27.0,,0,0,3999,Please provide comments regarding your reasons for support.,Please provide comments regarding your reasons for support.,
Q074,74,72,12,MBM Quality Criterion 4: hourly matching,multi_select,reasons_oppose,,,,,73,71,,796,74.3,9,0,0,1081,"Please provide concerns or reasons for why you are not supporting, if any.","Please provide concerns or reasons for why you are not supporting, if any.",
Q075,75,73,12,MBM Quality Criterion 4: hourly matching,free_text,comment,,,,,74,71,,699,65.2,,0,0,4000,Please provide comments regarding your concerns or reasons for why you are not supportive.,Please provide comments regarding your concerns or reasons for why you are not supportive.,
Q076,76,74,12,MBM Quality Criterion 4: hourly matching,free_text,comment,,,,,75,71,,484,45.1,,0,0,3999,"Load profiles enable organizations without access to hourly activity data or hourly contractual instruments to approximate hourly data from monthly or annual data. How would the use of load profiles affect the comparability, relevance, and usefulness of MBM inventories relative to your current practice? Please describe potential advantages, limitations, and any conditions under which impacts may differ.",Load profiles enable organizations without access to hourly activity data or hourly contractual instruments to approxima,
Q077,77,75,13,MBM Quality Criterion 4: cost and effort,ordinal_select,primary,ordinal,,,,,77,,377,35.2,6,0,0,7,"What is the approximate share of your organization’s total load that would be subject to hourly matching, excluding any exemptions:","What is the approximate share of your organization’s total load that would be subject to hourly matching, excluding any ",
Q078,78,76,13,MBM Quality Criterion 4: cost and effort,likert_1_5,primary,burden_relative,1 = much less effort,5 = much more effort,"Internal administrative effort of hourly matching. 3 is explicitly anchored to the respondent's CURRENT level of effort, so 5 is a cost complaint and not a measure of support.",,78,,526,49.1,5,0,0,1,Please indicate your best estimate of the internal administrative effort (people/process/controls) of the proposed hourly matching requirement relative to your current MBM process using annual matching. Assume 3 is your current level of effort.,Please indicate your best estimate of the internal administrative effort (people/process/controls) of the proposed hourl,
Q079,79,77,13,MBM Quality Criterion 4: cost and effort,likert_1_5,primary,burden_relative,1 = much lower cost,5 = much higher cost,External service cost of hourly matching. 3 is anchored to the respondent's current external cost.,,79,,518,48.3,5,0,0,1,"Please indicate your best estimate of the external service cost (cash outlays to vendors, data, assurance) of the proposed hourly matching requirement relative to your current MBM process using annual matching. Assume 3 is your current external cost.","Please indicate your best estimate of the external service cost (cash outlays to vendors, data, assurance) of the propos",
Q080,80,78,13,MBM Quality Criterion 4: cost and effort,multi_select,primary,,,,,,80,,391,36.5,9,0,0,483,What are the feasibility measures you would anticipate relying on: (select all that apply),What are the feasibility measures you would anticipate relying on: (select all that apply),
Q081,81,79,13,MBM Quality Criterion 4: cost and effort,multi_select,primary,,,,,,81,,448,41.8,8,0,0,317,What are the assumed main drivers affecting internal workload and external service costs after applying feasibility measures (select all that apply):,What are the assumed main drivers affecting internal workload and external service costs after applying feasibility meas,
Q082,82,80,13,MBM Quality Criterion 4: cost and effort,free_text,comment,,,,,81,81,"77,78,79,80,81",269,25.1,,0,0,3992,Please provide any additional comments regarding your response to questions 77 - 81,Please provide any additional comments regarding your response to questions 77 - 81,
Q083,83,81,14,MBM Quality Criterion 5: deliverability,likert_1_5,primary,support,1 = does not support,5 = strongly supports,Support for Quality Criterion 5 (deliverability).,,83,,875,81.6,5,0,0,1,"On a scale of 1-5 do you support an update to Scope 2 Quality Criteria 5, to require that all contractual instruments used in the market-based method be sourced from the same deliverable market boundary in which the reporting entity’s electricity-consuming operations are located and to which the instrument is applied, or otherwise meet criteria deemed to demonstrate deliverability to the reporting entity's electricity-consuming operations?","On a scale of 1-5 do you support an update to Scope 2 Quality Criteria 5, to require that all contractual instruments us",
Q084,84,82,14,MBM Quality Criterion 5: deliverability,multi_select,reasons_support,,,,,83,83,,416,38.8,12,0,0,946,"Please provide reasons of support, if any.","Please provide reasons of support, if any.",
Q085,85,83,14,MBM Quality Criterion 5: deliverability,free_text,comment,,,,,84,83,,281,26.2,,0,0,3999,Please provide comments regarding your selected reasons for support.,Please provide comments regarding your selected reasons for support.,
Q086,86,84,14,MBM Quality Criterion 5: deliverability,multi_select,reasons_oppose,,,,,85,83,,733,68.4,10,0,0,1251,"Please provide reasons of concern or why you are not supporting, if any.","Please provide reasons of concern or why you are not supporting, if any.",
Q087,87,85,14,MBM Quality Criterion 5: deliverability,free_text,comment,,,,,86,83,,577,53.8,,0,0,4000,Please provide comments regarding your selected reasons for why you are not supporting.,Please provide comments regarding your selected reasons for why you are not supporting.,
Q088,88,86,14,MBM Quality Criterion 5: deliverability,single_select,primary,,,,,,88,,482,45.0,5,0,0,100,"For the United States, which of the following market boundaries would best uphold the principle of deliverability and align with the decision-making criteria?","For the United States, which of the following market boundaries would best uphold the principle of deliverability and al",
Q089,89,87,14,MBM Quality Criterion 5: deliverability,free_text,comment,,,,,88,88,88,275,25.7,,0,0,3960,"If you selected 'eGRID', 'DOE Needs Study Regions', 'Wholesale Market/Balancing Authority', or 'Other' for question 88 please explain why this option best upholds the principle of deliverability and balances integrity, impact, and feasibility of the MBM. Please also provide comments on the relative feasibility challenges of applying the other options.","If you selected 'eGRID', 'DOE Needs Study Regions', 'Wholesale Market/Balancing Authority', or 'Other' for question 88 p",
Q090,90,88,14,MBM Quality Criterion 5: deliverability,free_text,comment,,,,,89,88,,358,33.4,,0,0,3990,"For deliverable market boundaries (outside of the United States) identified in the table Proposed methodologies for demonstrating deliverability: Deliverable Market Boundaries, please provide comments on whether these market boundaries:",For deliverable market boundaries (outside of the United States) identified in the table Proposed methodologies for demo,
Q091,91,89,14,MBM Quality Criterion 5: deliverability,free_text,free_text_primary,,,,,,91,,216,20.1,,0,0,3972,"For regions not specified in the table, Proposed methodologies for demonstrating deliverability: Deliverable Market Boundaries, please provide examples of market boundaries that uphold the principle of deliverability and balance integrity, impact, and feasibility of the MBM.","For regions not specified in the table, Proposed methodologies for demonstrating deliverability: Deliverable Market Boun",
Q092,92,90,15,MBM Quality Criterion 5: cost and effort,likert_1_5,primary,burden_relative,1 = much less effort,5 = much more effort,Internal administrative effort of the deliverability requirement. 3 is anchored to the respondent's current level of effort.,,92,,494,46.1,5,0,0,1,Please estimate the anticipated internal administrative effort (people/process/controls) of the proposed deliverability requirement relative to your current MBM process using broad market boundaries. Assume 3 is your current level of effort.,Please estimate the anticipated internal administrative effort (people/process/controls) of the proposed deliverability ,
Q093,93,91,15,MBM Quality Criterion 5: cost and effort,likert_1_5,primary,burden_relative,1 = much lower cost,5 = much higher cost,External service cost of the deliverability requirement. 3 is anchored to the respondent's current external cost.,,93,,499,46.5,5,0,0,1,"Please estimate the anticipated external service cost (cash outlays to vendors, data, assurance) of the proposed deliverability requirement relative to your current MBM process using broad market boundaries. Assume 3 is your current external cost.","Please estimate the anticipated external service cost (cash outlays to vendors, data, assurance) of the proposed deliver",
Q094,94,92,15,MBM Quality Criterion 5: cost and effort,multi_select,primary,,,,,,94,,471,43.9,2,0,0,37,What are the feasibility measures you would anticipate relying on to report using deliverable market boundaries (select all that apply):,What are the feasibility measures you would anticipate relying on to report using deliverable market boundaries (select ,
Q095,95,93,15,MBM Quality Criterion 5: cost and effort,multi_select,primary,,,,,,95,,431,40.2,8,0,0,440,What are the assumed main drivers affecting internal workload and external service costs after applying feasibility measures (select all that apply):,What are the assumed main drivers affecting internal workload and external service costs after applying feasibility meas,
Q096,96,94,15,MBM Quality Criterion 5: cost and effort,free_text,comment,,,,,95,95,"92,93,94,95",231,21.5,,0,0,3919,Please provide any additional comments regarding your response to questions 92-95.,Please provide any additional comments regarding your response to questions 92-95.,
Q097,97,95,16,Standard Supply Service (SSS),likert_1_5,primary,support,1 = does not support,5 = strongly supports,Support for the Standard Supply Service guidance and pro-rata limit.,,97,,522,48.7,5,0,0,1,On a scale of 1-5 do you support the new guidance for Standard Supply Service (SSS) and requirement that a reporting entity shall not claim more than its pro-rata share of SSS.,On a scale of 1-5 do you support the new guidance for Standard Supply Service (SSS) and requirement that a reporting ent,
Q098,98,96,16,Standard Supply Service (SSS),multi_select,reasons_support,,,,,97,97,,355,33.1,5,0,0,441,"Please provide reasons of support, if any. (select all that apply)","Please provide reasons of support, if any. (select all that apply)",
Q099,99,97,16,Standard Supply Service (SSS),free_text,comment,,,,,98,97,,231,21.5,,0,0,3996,Please provide comments regarding your selected reasons for support.,Please provide comments regarding your selected reasons for support.,
Q100,100,98,16,Standard Supply Service (SSS),multi_select,reasons_oppose,,,,,99,97,,385,35.9,6,0,0,339,Please provide concerns or why you are not supporting. (select all that apply),Please provide concerns or why you are not supporting. (select all that apply),
Q101,101,99,16,Standard Supply Service (SSS),free_text,comment,,,,,100,97,,317,29.6,,0,0,3986,Please provide comments regarding your selected reasons for why you are not supportive.,Please provide comments regarding your selected reasons for why you are not supportive.,
Q102,102,100,16,Standard Supply Service (SSS),free_text,free_text_primary,,,,,,102,,115,10.7,,0,0,3693,"Are there resources in your region that do not fit clearly within the outlined examples of SSS but should be allocated to all customers under this framework? If so, please provide examples and explanations for each.",Are there resources in your region that do not fit clearly within the outlined examples of SSS but should be allocated t,
Q103,103,101,16,Standard Supply Service (SSS),free_text,free_text_primary,,,,,,103,,137,12.8,,0,0,3992,"Are there resources in your region that fit within the outlined examples of SSS but should not be allocated to all customers under this framework? If so, please provide examples and explanations for each.",Are there resources in your region that fit within the outlined examples of SSS but should not be allocated to all custo,
Q104,104,102,16,Standard Supply Service (SSS),multi_select,primary,,,,,,104,,262,24.4,5,0,0,314,"Proposed examples of SSS include ‘facilities and/or supply that are subject to regulated cost recovery from a monopoly supplier as part of default service in a particular service area and are not part of a resource-specific supplier product (e.g. a green tariff)’. In this context, should a monopoly supplier include: (select all that apply)",Proposed examples of SSS include ‘facilities and/or supply that are subject to regulated cost recovery from a monopoly s,
Q105,105,103,16,Standard Supply Service (SSS),free_text,comment,,,,,104,104,104,122,11.4,,0,0,3944,Please provide any additional comments regarding your response to question 104.,Please provide any additional comments regarding your response to question 104.,
Q106,106,104,16,Standard Supply Service (SSS),free_text,free_text_primary,,,,,,106,,249,23.2,,0,0,3926,"Is it acceptable that some reporters may be unable to claim SSS prior to a credible centralized registry or third-party registries being established? If not, how else might SSS be allocated in the absence of a registry?",Is it acceptable that some reporters may be unable to claim SSS prior to a credible centralized registry or third-party ,
Q107,107,105,16,Standard Supply Service (SSS),single_select,primary,,,,,,107,,340,31.7,3,0,0,6,"Would you support a default option in cases where SSS data is not supplied by electricity providers, and no third-party registry is available, to designate certain resources as automatically qualifying as SSS?","Would you support a default option in cases where SSS data is not supplied by electricity providers, and no third-party ",
Q108,108,106,16,Standard Supply Service (SSS),free_text,comment,,,,,107,107,107,154,14.4,,0,0,3974,"If you answered “No” to question 107, please provide any additional comments on why you would not support a default option.","If you answered “No” to question 107, please provide any additional comments on why you would not support a default opti",
Q109,109,107,16,Standard Supply Service (SSS),multi_select,primary,,,,,,109,107,169,15.8,6,0,0,183,"If you answered “yes” to question 107, which of the following criteria, if any, would you support as a method of designating resources as SSS. (select all that apply)","If you answered “yes” to question 107, which of the following criteria, if any, would you support as a method of designa",
Q110,110,108,16,Standard Supply Service (SSS),free_text,other_specify,,,,,109,109,,75,7.0,,0,0,3960,If you answered 'Other' please provide additional feedback.,If you answered 'Other' please provide additional feedback.,
Q111,111,109,16,Standard Supply Service (SSS),free_text,free_text_primary,,,,,,111,,219,20.4,,0,0,3670,"If SSS is not uniformly available across regions, how would this affect comparability of scope 2 MBM reporting? What interim solutions or disclosures would reduce inconsistency?","If SSS is not uniformly available across regions, how would this affect comparability of scope 2 MBM reporting? What int",
Q112,112,110,16,Standard Supply Service (SSS),free_text,comment,,,,,111,109,,155,14.5,,0,0,3958,Please provide any additional feedback on SSS.,Please provide any additional feedback on SSS.,
Q113,113,111,17,Residual mix emission factors,likert_1_5,primary,support,1 = does not support,5 = strongly supports,Support for the updated residual mix emission factor definition.,,113,,537,50.1,5,0,0,1,"On a scale of 1-5 do you support the updated definition of residual mix emission factors to reflect the GHG intensity of electricity, within the relevant market boundary and time interval, that is not claimed through contractual instruments, including voluntary purchases or Standard Supply Service allocations?",On a scale of 1-5 do you support the updated definition of residual mix emission factors to reflect the GHG intensity of,
Q114,114,112,17,Residual mix emission factors,multi_select,reasons_support,,,,,113,113,,422,39.4,8,0,0,565,"Please provide reasons of support, if any (select all that apply).","Please provide reasons of support, if any (select all that apply).",
Q115,115,113,17,Residual mix emission factors,free_text,comment,,,,,114,113,,249,23.2,,0,0,3413,Please provide comments regarding your selected reasons for support.,Please provide comments regarding your selected reasons for support.,
Q116,116,114,17,Residual mix emission factors,multi_select,reasons_oppose,,,,,115,113,,297,27.7,6,0,0,741,"Please provide reasons of concern or why you are not supporting, if any.","Please provide reasons of concern or why you are not supporting, if any.",
Q117,117,115,17,Residual mix emission factors,free_text,comment,,,,,116,113,,231,21.5,,0,0,3977,Please provide comments regarding your selected reasons for why you are not supporting.,Please provide comments regarding your selected reasons for why you are not supporting.,
Q118,118,116,17,Residual mix emission factors,scale_labeled,primary,readiness_labeled,1 - Far from ready,5 - Largely ready,Registry/data-provider readiness to publish residual mix factors. 'Insufficient basis to assess' is off-scale and left null.,,118,,310,28.9,6,0,0,28,"In the regions/markets you follow, how close are certificate systems/registries/data providers to being able to publish residual mix emission factors within deliverable market boundaries?","In the regions/markets you follow, how close are certificate systems/registries/data providers to being able to publish ","Two responses were stored as JSON-ish literals (e.g. '[""4 - Mostly ready""]') and are normalised to the plain option label."
Q119,119,117,17,Residual mix emission factors,free_text,free_text_primary,,,,,,119,"118,120",199,18.6,,0,0,2307,"Please indicate the main registry you are most familiar with and are referencing when answering questions 118 and 120-122. If you’re familiar with other registries, briefly describe (for up to three registries) whether their level of readiness is notably different.",Please indicate the main registry you are most familiar with and are referencing when answering questions 118 and 120-12,
Q120,120,118,17,Residual mix emission factors,ordinal_select,primary,ordinal,,,,,120,,257,24.0,5,0,0,12,"Please indicate your expected lead-time to reach “ready” (score 4–5), based on your current trajectory:","Please indicate your expected lead-time to reach “ready” (score 4–5), based on your current trajectory:",
Q121,121,119,17,Residual mix emission factors,ordinal_select,primary,ordinal,,,,,121,,248,23.1,5,0,0,12,"Please indicate your expected lead-time to reach “ready” (score 4-5), if investment/coordination accelerate:","Please indicate your expected lead-time to reach “ready” (score 4-5), if investment/coordination accelerate:",
Q122,122,120,17,Residual mix emission factors,single_select,basis,,,,,121,121,,220,20.5,5,0,0,27,Please describe the basis for your assessment:,Please describe the basis for your assessment:,
Q123,123,121,17,Residual mix emission factors,free_text,comment,,,,,122,121,,158,14.7,,0,0,3974,Please provide any additional feedback on residual mix emission factors.,Please provide any additional feedback on residual mix emission factors.,
Q124,124,122,18,Fossil-based fallback emission factor,likert_1_5,primary,support,1 = does not support,5 = strongly supports,Support for the fossil-based fallback emission factor requirement.,,124,,522,48.7,5,0,0,1,"On a scale of 1-5, do you support the requirement that for any portion of electricity consumption not covered by a valid contractual instrument and where no residual mix emission factor is available, a reporter shall apply a fossil-based emission factor?","On a scale of 1-5, do you support the requirement that for any portion of electricity consumption not covered by a valid",
Q125,125,123,18,Fossil-based fallback emission factor,multi_select,reasons_support,,,,,124,124,,349,32.6,4,0,0,379,"Please provide reasons for support, if any.","Please provide reasons for support, if any.",
Q126,126,124,18,Fossil-based fallback emission factor,free_text,comment,,,,,125,124,,211,19.7,,0,0,3964,Please provide comments regarding your selected reasons for support.,Please provide comments regarding your selected reasons for support.,
Q127,127,125,18,Fossil-based fallback emission factor,multi_select,reasons_oppose,,,,,126,124,,333,31.1,5,0,0,413,"Please provide reasons for concern or why you are not supporting, if any.","Please provide reasons for concern or why you are not supporting, if any.",
Q128,128,126,18,Fossil-based fallback emission factor,free_text,comment,,,,,127,124,,242,22.6,,0,0,3245,Please provide comments regarding your selected reasons for why you are not supporting.,Please provide comments regarding your selected reasons for why you are not supporting.,
Q129,129,127,18,Fossil-based fallback emission factor,free_text,free_text_primary,,,,,,129,,238,22.2,,0,0,2111,"Please provide feedback regarding whether the requirement to apply a fossil-based emission factor, where no residual mix emission factor is available, should incorporate global equity considerations given the different levels of residual mix emission factor data available globally? And if so, how?","Please provide feedback regarding whether the requirement to apply a fossil-based emission factor, where no residual mix",
Q130,130,128,19,Feasibility measures,scale_labeled,primary,sufficiency_labeled,1 - Insufficient,5 - Highly sufficient,Whether the proposed feasibility measures are sufficient. 'No basis to assess' is off-scale and left null.,,130,,592,55.2,6,0,0,25,"Are the proposed feasibility measures (e.g., use of load profiles for matching, exemptions to hourly matching, legacy clause, and phased implementation) sufficient to support implementation of the proposed market-based revisions at scale?","Are the proposed feasibility measures (e.g., use of load profiles for matching, exemptions to hourly matching, legacy cl",
Q131,131,129,19,Feasibility measures,free_text,comment,,,,,130,130,,285,26.6,,0,0,3996,Please provide any additional comments regarding load profiles that need adjustment to support implementation of the proposed market-based revisions at scale. Explain how changes would make implementation feasible without undermining accuracy and integrity of the MBM.,Please provide any additional comments regarding load profiles that need adjustment to support implementation of the pro,
Q132,132,130,19,Feasibility measures,free_text,comment,,,,,131,130,,285,26.6,,0,0,3848,Please provide any additional comments regarding phased implementation that need adjustment to support implementation of the proposed market-based revisions at scale. Explain how changes would make implementation feasible without undermining accuracy and integrity of the MBM.,Please provide any additional comments regarding phased implementation that need adjustment to support implementation of,
Q133,133,131,19,Feasibility measures,free_text,comment,,,,,132,130,"131,132",186,17.4,,0,0,3758,Please provide any additional comments on other feasibility measures (not outlined in questions 131-132) that need adjustment to support implementation of the proposed market-based revisions at scale.,Please provide any additional comments on other feasibility measures (not outlined in questions 131-132) that need adjus,
Q134,134,132,20,MBM decision-usefulness and comparability,ordinal_select,primary,ordinal,,,,,134,,459,42.8,5,0,0,76,"Considering investor and assurance needs, how do the proposed market-based method revisions change the extent to which information is decision-useful to users relative to incremental cost and complexity for preparers?","Considering investor and assurance needs, how do the proposed market-based method revisions change the extent to which i",
Q135,135,133,20,MBM decision-usefulness and comparability,free_text,comment,,,,,134,134,134,297,27.7,,0,0,3999,Please provide additional context for your answer to question 134.,Please provide additional context for your answer to question 134.,
Q136,136,134,20,MBM decision-usefulness and comparability,ordinal_select,primary,ordinal,,,,,136,,432,40.3,5,0,0,76,"Considering investor and assurance needs, how do the proposed market-based revisions change the comparability of information relative to incremental cost and complexity for users?","Considering investor and assurance needs, how do the proposed market-based revisions change the comparability of informa",
Q137,137,135,20,MBM decision-usefulness and comparability,free_text,comment,,,,,136,136,136,241,22.5,,0,0,3778,Please provide additional context for your answer to question 136.,Please provide additional context for your answer to question 136.,
Q138,138,136,20,MBM decision-usefulness and comparability,multi_select,basis,,,,,137,136,"134,135,136,137",365,34.0,5,0,0,205,"For questions 134-137, please provide the basis for your assessment (select all that apply).","For questions 134-137, please provide the basis for your assessment (select all that apply).",
Q139,139,137,21,Procurement cost impacts,likert_1_5,primary,cost_relative,1 = much lower price,5 = much higher price,"Procurement price for hourly-matched, deliverable EACs/PPAs. 3 is anchored to the respondent's current sourcing strategy.",,139,,444,41.4,5,0,0,1,"Please estimate the anticipated change in procurement cost (i.e., price paid) for hourly-matched, deliverable EACs and/or PPAs relative to your current sourcing strategy. Assume 3 is your current external cost.","Please estimate the anticipated change in procurement cost (i.e., price paid) for hourly-matched, deliverable EACs and/o",
Q140,140,138,21,Procurement cost impacts,multi_select,primary,,,,,,140,,446,41.6,7,5,1,808,What are the assumed main drivers affecting procurement price differences for hourly/deliverable EACs/PPAs relative to your current sourcing strategy (select all that apply):,What are the assumed main drivers affecting procurement price differences for hourly/deliverable EACs/PPAs relative to y,
Q141,141,139,21,Procurement cost impacts,free_text,comment,,,,,140,140,,330,30.8,,0,0,3996,"Please provide any additional comments on the anticipated change in costs for hourly-matched, deliverable EACs, PPAs, etc. relative to current practices.","Please provide any additional comments on the anticipated change in costs for hourly-matched, deliverable EACs, PPAs, et",
Q142,142,140,22,Financial reporting (IFRS/GAAP) impacts,likert_1_5,primary,impact_magnitude,1 = no material impact,5 = high material impact,Magnitude of IFRS/GAAP financial-reporting impact. Not a support scale.,,142,,127,11.8,5,0,0,1,"Beyond scope 2 reporting, do the proposed MBM criteria (hourly matching, deliverability, inclusive of feasibility & transition design) pose material IFRS/GAAP financial-reporting impacts for PPAs or similar instruments?","Beyond scope 2 reporting, do the proposed MBM criteria (hourly matching, deliverability, inclusive of feasibility & tran",
Q143,143,141,22,Financial reporting (IFRS/GAAP) impacts,free_text,comment,,,,,142,142,,123,11.5,,0,0,2348,Please briefly explain your rating: identify which accounting areas could be affected and why.,Please briefly explain your rating: identify which accounting areas could be affected and why.,
Q144,144,142,22,Financial reporting (IFRS/GAAP) impacts,multi_select,primary,,,,,,144,,81,7.6,4,0,0,56,If mid–high impacts: select affected areas:,If mid–high impacts: select affected areas:,
Q145,145,143,22,Financial reporting (IFRS/GAAP) impacts,free_text,free_text_primary,,,,,,145,144,80,7.5,,0,0,1648,"For each area selected in question 144, briefly note key drivers (e.g., main contract or accounting features driving the impact).","For each area selected in question 144, briefly note key drivers (e.g., main contract or accounting features driving the",
Q146,146,144,23,Separate impact metric outside scope 2,single_select,primary,,,,,,146,,517,48.2,4,0,0,81,Would the existence of a separate metric outside of scope 2 to quantify the emissions impact of electricity-related actions change your perspective on the proposed revisions?,Would the existence of a separate metric outside of scope 2 to quantify the emissions impact of electricity-related acti,
Q147,147,145,23,Separate impact metric outside scope 2,multi_select,primary,,,,,,147,146,170,15.9,6,0,0,399,"If you answered “yes” or “somewhat” to question 146, which of the following rationale captures your views?","If you answered “yes” or “somewhat” to question 146, which of the following rationale captures your views?",
Q148,148,146,23,Separate impact metric outside scope 2,free_text,comment,,,,,147,147,147,165,15.4,,0,0,3992,Please provide comments regarding your selected choices in question 147.,Please provide comments regarding your selected choices in question 147.,
Q149,149,147,23,Separate impact metric outside scope 2,free_text,comment,,,,,146,147,146,244,22.8,,0,0,4000,"If you answered “no” to question 146, please explain why a separate impact metric for electricity projects does not change your view of the proposed market-based inventory revisions.","If you answered “no” to question 146, please explain why a separate impact metric for electricity projects does not chan",
Q150,150,148,23,Separate impact metric outside scope 2,multi_select,primary,,,,,,150,146,231,21.5,7,0,0,440,"If you answered “I do not support the development of impact metrics outside the scope 2 inventory” to question 146, which of the following rationale captures your views?","If you answered “I do not support the development of impact metrics outside the scope 2 inventory” to question 146, whic",
Q151,151,149,23,Separate impact metric outside scope 2,free_text,comment,,,,,150,150,150,162,15.1,,0,0,4000,Please provide comments regarding your selected choices in question 150.,Please provide comments regarding your selected choices in question 150.,
Q152,152,150,24,Overall balance of revisions,free_text,free_text_primary,,,,,,152,,423,39.5,,0,0,3992,"In your view, balancing scientific integrity, climate impact, and feasibility, what scope 2 revisions or combination of revisions are most appropriate? Please address each of the three core decision-making criteria: integrity, impact, and feasibility in your answer, and describe how the approach satisfies each criterion.","In your view, balancing scientific integrity, climate impact, and feasibility, what scope 2 revisions or combination of ",
Q153,153,151,25,Exemptions to hourly matching,likert_1_5,primary,support,1 = does not support,5 = strongly supports,Support for allowing exemptions to hourly matching.,,153,,748,69.8,5,0,0,1,On a scale of 1-5 do you support allowing for exemptions to hourly matching using one of the options (1-4) described above?,On a scale of 1-5 do you support allowing for exemptions to hourly matching using one of the options (1-4) described abo,
Q154,154,152,25,Exemptions to hourly matching,multi_select,reasons_support,,,,,153,153,,553,51.6,5,0,0,547,"Please provide your reasons for support, if any.","Please provide your reasons for support, if any.",
Q155,155,153,25,Exemptions to hourly matching,free_text,comment,,,,,154,153,,361,33.7,,0,0,3715,Please provide any additional comments regarding your reasons for support.,Please provide any additional comments regarding your reasons for support.,
Q156,156,154,25,Exemptions to hourly matching,multi_select,reasons_oppose,,,,,155,153,,230,21.5,8,0,0,608,"Please provide your concerns or reasons for why you are not supporting, if any.","Please provide your concerns or reasons for why you are not supporting, if any.",
Q157,157,155,25,Exemptions to hourly matching,free_text,comment,,,,,156,153,,210,19.6,,0,0,3990,Please provide any additional comments regarding your concerns or reasons for why you are not supporting.,Please provide any additional comments regarding your concerns or reasons for why you are not supporting.,
Q158,158,156,25,Exemptions to hourly matching,free_text,free_text_primary,,,,,,158,,297,27.7,,0,0,3802,"What evidence and/or reasoned rationale supports the need for exemptions (e.g., data access, costs, feasibility)?","What evidence and/or reasoned rationale supports the need for exemptions (e.g., data access, costs, feasibility)?",
Q159,159,157,25,Exemptions to hourly matching,free_text,free_text_primary,,,,,,159,70,331,30.9,,0,0,2190,"Options 1, 3, and 4 introduce a GWh load threshold applied within a defined boundary. In section 5.3.1 question 70 you selected an exemption threshold of either of 5, 10, or 50 GWh per deliverable market boundary. If you prefer a GWh load threshold based on a different amount, propose a single threshold amount in GWh per boundary and explain why.","Options 1, 3, and 4 introduce a GWh load threshold applied within a defined boundary. In section 5.3.1 question 70 you s",References the threshold chosen in question 70.
Q160,160,158,25,Exemptions to hourly matching,free_text,free_text_primary,,,,,,160,,184,17.2,,0,0,3271,"If you provided a different threshold amount in (a), how does your proposed threshold better fit the intent of the exemption (reducing reporting burden while maintaining MBM integrity and impact)? How would this exemption threshold impact the administrative and cost burden of the proposed MBM requirements compared to an exemption threshold of 5, 10, or 50 GWh per deliverable market boundary?","If you provided a different threshold amount in (a), how does your proposed threshold better fit the intent of the exemp",
Q161,161,159,25,Exemptions to hourly matching,multi_select,primary,,,,,,161,,354,33.0,6,0,0,213,"Exemption options 2, 3, and 4 introduce a criterion based on a reporter meeting the small and medium company categorization. This categorization framework is being developed by the Corporate Standard Technical Working Group. What specific criteria should be considered to define Small and Medium Companies?","Exemption options 2, 3, and 4 introduce a criterion based on a reporter meeting the small and medium company categorizat",
Q162,162,160,25,Exemptions to hourly matching,free_text,comment,,,,,161,161,,244,22.8,,0,0,2131,Please provide any additional comments regarding the criteria to define Small and Medium Companies.,Please provide any additional comments regarding the criteria to define Small and Medium Companies.,
Q163,163,161,25,Exemptions to hourly matching,single_select,primary,,,,,,163,159,475,44.3,5,0,0,34,"Which of the four draft eligibility options for an exemption to hourly matching reflect the most reasonable balance of integrity, impact and feasibility of the MBM? Apply the exemption threshold selected in question 159.",Which of the four draft eligibility options for an exemption to hourly matching reflect the most reasonable balance of i,
Q164,164,162,25,Exemptions to hourly matching,free_text,comment,,,,,163,163,163,135,12.6,,0,0,1877,"If you selected “None of the above” in question 163, please describe your preferred eligibility conditions to apply an exemption to hourly matching and outline how this reflects a reasonable balance of integrity, impact and feasibility of the MBM.","If you selected “None of the above” in question 163, please describe your preferred eligibility conditions to apply an e",
Q165,165,163,25,Exemptions to hourly matching,free_text,comment,,,,,163,163,163,183,17.1,,0,0,2272,"Please provide additional comments regarding your answer to question 163, including the main reasons why it is the most appropriate and any geographic or industry specific considerations that influenced your response.","Please provide additional comments regarding your answer to question 163, including the main reasons why it is the most ",
Q166,166,164,25,Exemptions to hourly matching,single_select,primary,,,,,,166,,485,45.2,4,0,0,40,Should exemptions be time-limited (i.e. phased-out over time) or ongoing?,Should exemptions be time-limited (i.e. phased-out over time) or ongoing?,
Q167,167,165,25,Exemptions to hourly matching,free_text,free_text_primary,,,,,,167,166,162,15.1,,0,0,3960,"If you selected that exemptions should be time-limited in question 166, please explain how this phase out should be implemented and why this suggestion fits the intent of the exemption (i.e., reducing reporting burden while maintaining integrity and impact of the MBM).","If you selected that exemptions should be time-limited in question 166, please explain how this phase out should be impl",
Q168,168,166,25,Exemptions to hourly matching,free_text,comment,,,,,167,166,167,185,17.3,,0,0,2882,"Aside from any suggestions provided in question 167, please describe any safeguards needed to ensure exemptions are not misused and that comparability across reporting organisations is maintained?","Aside from any suggestions provided in question 167, please describe any safeguards needed to ensure exemptions are not ",
Q169,169,167,25,Exemptions to hourly matching,single_select,primary,,,,,,169,,466,43.5,5,0,0,93,"In exercising the exemption, should the organization be considered in conformance with the Corporate Standard and Scope 2 Standard?","In exercising the exemption, should the organization be considered in conformance with the Corporate Standard and Scope ",
Q170,170,168,25,Exemptions to hourly matching,free_text,comment,,,,,169,169,169,264,24.6,,0,0,2893,Please provide any additional comments regarding your response to question 169.,Please provide any additional comments regarding your response to question 169.,
Q171,171,169,26,Legacy clause,likert_1_5,primary,support,1 = does not support,5 = strongly supports,Support for introducing a Legacy Clause.,,171,,801,74.7,5,0,0,1,On a scale of 1-5 do you support introduction of a Legacy Clause to exempt existing long-term contracts that comply with the current Scope 2 Quality Criteria from being required to meet updated Quality Criterion 4 (hourly matching) and Quality Criterion 5 (deliverability)?,On a scale of 1-5 do you support introduction of a Legacy Clause to exempt existing long-term contracts that comply with,
Q172,172,170,26,Legacy clause,multi_select,reasons_support,,,,,171,171,,672,62.7,6,0,0,595,"Please provide your reasons for support, if any.","Please provide your reasons for support, if any.",
Q173,173,171,26,Legacy clause,free_text,comment,,,,,172,171,,497,46.4,,0,0,3860,Please provide any additional comments regarding your reasons for support.,Please provide any additional comments regarding your reasons for support.,
Q174,174,172,26,Legacy clause,multi_select,reasons_oppose,,,,,173,171,,122,11.4,7,30,1,463,"Please provide your concerns or reasons for why you are not supporting, if any.","Please provide your concerns or reasons for why you are not supporting, if any.",
Q175,175,173,26,Legacy clause,free_text,comment,,,,,174,171,,133,12.4,,0,0,3455,Please provide any additional comments regarding your concerns or reasons for why you are not supporting.,Please provide any additional comments regarding your concerns or reasons for why you are not supporting.,
Q176,176,174,26,Legacy clause,single_select,primary,,,,,,176,,667,62.2,4,0,0,91,Which date should determine a contract’s eligibility under a Legacy Clause?,Which date should determine a contract’s eligibility under a Legacy Clause?,
Q177,177,175,26,Legacy clause,free_text,comment,,,,,176,176,176,292,27.2,,0,0,3740,Please provide any additional comments regarding your response to question 176.,Please provide any additional comments regarding your response to question 176.,
Q178,178,176,26,Legacy clause,free_text,comment,,,,,177,176,,379,35.4,,0,0,3999,"If a Legacy Clause is included, please provide comments on the following design elements to balance integrity, impact, and feasibility of the MBM. Respond only to items relevant to your context.","If a Legacy Clause is included, please provide comments on the following design elements to balance integrity, impact, a",
Q179,179,177,26,Legacy clause,likert_1_5,primary,impact_magnitude,1 = no material implications,5 = high material implications,Magnitude of implications for climate-related financial risk disclosure users. Not a support scale.,,179,,195,18.2,5,0,0,1,Does a legacy clause pose material implications for users of climate-related financial risk disclosure programs?,Does a legacy clause pose material implications for users of climate-related financial risk disclosure programs?,
Q180,180,178,26,Legacy clause,free_text,comment,,,,,179,179,,166,15.5,,0,0,3207,"Please briefly explain your rating: identify what the potential impacts could be and the main factors driving the impact (for example, comparability, transparency etc).",Please briefly explain your rating: identify what the potential impacts could be and the main factors driving the impact,
Q181,181,179,27,Transition approach,single_select,primary,,,,,,181,,512,47.8,3,0,0,290,"Which transition approach best balances continuity and comparability for the scope 2 MBM whilst maintaining integrity, impact, and feasibility?","Which transition approach best balances continuity and comparability for the scope 2 MBM whilst maintaining integrity, i",
Q182,182,180,27,Transition approach,free_text,other_specify,,,,,181,181,181,97,9.0,,0,0,2758,If you selected “Other” in question 181 please provide details of an alternative transition approach that better balances continuity and comparability for the scope 2 MBM whilst maintaining integrity impact and feasibility.,If you selected “Other” in question 181 please provide details of an alternative transition approach that better balance,
Q183,183,181,27,Transition approach,numeric_year,primary,,,,,,183,,207,19.3,,0,0,4,"If a uniform effective date was applied rather than a legacy clause, what would be an appropriate date for organizations to be required to apply the updated quality criteria to all contractual instruments? (enter in 20XX).","If a uniform effective date was applied rather than a legacy clause, what would be an appropriate date for organizations","Free-text year entry, not a picklist. Values above 2050 (including 2099) appear to be protest or sentinel answers rather than genuine dates."
